[
  {
    "名称": "指挥中心",
    "升级": [
      {
        "名称": "精钢装甲",
        "效果": "使建筑物的护甲提高2，使地堡的装载空间增加2，为指挥中心和行星要塞提供额外的装载空间",
        "消耗": {
          "矿": 150,
          "气": 150
        },
        "时间": 140
      }
    ],
    "技能": [
      {
        "名称": "升级为轨道控制基地",
        "效果": "启用析像扫描和轨道空投：矿骡和空投：额外补给技能。无法装载SCV",
        "消耗": {
          "矿": 150,
          "气": 0
        },
        "时间": 35
      },
      {
        "名称": "升级为行星要塞",
        "效果": "大大提升其护甲值并配备强大的防御炮塔，自体不可升空",
        "消耗": {
          "矿": 150,
          "气": 150
        },
        "时间": 50
      }
    ]
  },
  {
    "名称": "轨道控制基地（Orbital Command）",
    "升级": [
      {
        "名称": "精钢装甲",
        "效果": "使建筑物的护甲提高2，使地堡的装载空间增加2，为指挥中心和行星要塞提供额外的装载空间",
        "消耗": {
          "矿": 150,
          "气": 150
        },
        "时间": 140
      }
    ],
    "技能": []
  },
  {
    "名称": "行星要塞（Planetary Fortress）",
    "升级": [
      {
        "名称": "精钢装甲",
        "效果": "使建筑物的护甲提高2，使地堡的装载空间增加2，为指挥中心和行星要塞提供额外的装载空间",
        "消耗": {
          "矿": 150,
          "气": 150
        },
        "时间": 140
      },
      {
        "名称": "瞬时自动追踪",
        "效果": "导弹塔、自动机炮和行星要塞射程+1",
        "消耗": {
          "矿": 100,
          "气": 100
        },
        "时间": 80
      }
    ],
    "技能": []
  },
  {
    "名称": "精炼厂（Refinery）",
    "升级": [
      {
        "名称": "精钢装甲",
        "效果": "使建筑物的护甲提高2，使地堡的装载空间增加2，为指挥中心和行星要塞提供额外的装载空间",
        "消耗": {
          "矿": 150,
          "气": 150
        },
        "时间": 140
      }
    ],
    "技能": []
  },
  {
    "名称": "补给站（Supply Depot）",
    "升级": [
      {
        "名称": "精钢装甲",
        "效果": "使建筑物的护甲提高2，使地堡的装载空间增加2，为指挥中心和行星要塞提供额外的装载空间",
        "消耗": {
          "矿": 150,
          "气": 150
        },
        "时间": 140
      }
    ],
    "技能": []
  },
  {
    "名称": "兵营（Barracks）",
    "升级": [
      {
        "名称": "精钢装甲",
        "效果": "使建筑物的护甲提高2，使地堡的装载空间增加2，为指挥中心和行星要塞提供额外的装载空间",
        "消耗": {
          "矿": 150,
          "气": 150
        },
        "时间": 140
      }
    ],
    "技能": [
      {
        "名称": "建造科技实验室",
        "效果": "步兵研发建筑。科技实验室可以同任何生产建筑相组合。开启：劫掠者，建造幽灵军校可开启幽灵",
        "消耗": {
          "矿": 50,
          "气": 25
        },
        "时间": 25
      },
      {
        "名称": "建造反应堆",
        "效果": "使该建筑能够同步生产两个单位",
        "消耗": {
          "矿": 50,
          "气": 50
        },
        "时间": 50
      }
    ]
  },
  {
    "名称": "工程站（Engineering Bay）",
    "升级": [
      {
        "名称": "精钢装甲",
        "效果": "使建筑物的护甲提高2，使地堡的装载空间增加2，为指挥中心和行星要塞提供额外的装载空间",
        "消耗": {
          "矿": 150,
          "气": 150
        },
        "时间": 140
      }
    ],
    "技能": [
      {
        "名称": "升级步兵护甲/武器",
        "效果": "提升步兵单位的火力/护甲",
        "消耗": {
          "矿": [100, 150, 200],
          "气": [100, 150, 200]
        },
        "时间": [160, 190, 220]
      },
      {
        "名称": "研发瞬时自动追踪",
        "效果": "导弹塔、自动机炮和行星要塞射程+1",
        "消耗": {
          "矿": 100,
          "气": 100
        },
        "时间": 80
      },
      {
        "名称": "升级精钢护甲",
        "效果": "使建筑物的护甲提高2，使地堡的装载空间增加2，为指挥中心和行星要塞提供额外的装载空间",
        "消耗": {
          "矿": 150,
          "气": 150
        },
        "时间": 140
      }
    ]
  },
  {
    "名称": "地堡（Bunker）",
    "升级": [
      {
        "名称": "精钢装甲",
        "效果": "使建筑物的护甲提高2，使地堡的装载空间增加2，为指挥中心和行星要塞提供额外的装载空间（升完后地堡银色顶盖多了灰黑色框架）",
        "消耗": {
          "矿": 150,
          "气": 150
        },
        "时间": 140
      }
    ],
    "技能": []
  },
  {
    "名称": "导弹塔（Missile Turret）",
    "升级": [
      {
        "名称": "精钢装甲",
        "效果": "使建筑物的护甲提高2，使地堡的装载空间增加2，为指挥中心和行星要塞提供额外的装载空间",
        "消耗": {
          "矿": 150,
          "气": 150
        },
        "时间": 140
      },
      {
        "名称": "瞬时自动追踪",
        "效果": "导弹塔、自动机炮和行星要塞射程+1",
        "消耗": {
          "矿": 100,
          "气": 100
        },
        "时间": 80
      }
    ],
    "技能": []
  },
  {
    "名称": "感应塔（Sensor Tower）",
    "升级": [
      {
        "名称": "精钢装甲",
        "效果": "使建筑物的护甲提高2，使地堡的装载空间增加2，为指挥中心和行星要塞提供额外的装载空间",
        "消耗": {
          "矿": 150,
          "气": 150
        },
        "时间": 140
      }
    ],
    "技能": []
  },
  {
    "名称": "幽灵军校（Ghost Academy）",
    "升级": [
      {
        "名称": "精钢装甲",
        "效果": "使建筑物的护甲提高2，使地堡的装载空间增加2，为指挥中心和行星要塞提供额外的装载空间",
        "消耗": {
          "矿": 150,
          "气": 150
        },
        "时间": 140
      }
    ],
    "技能": [
      {
        "名称": "研发隐形迷彩",
        "效果": "使幽灵能够使用隐形技能（只能被侦测单位或效果发现）",
        "消耗": {
          "矿": 150,
          "气": 150
        },
        "时间": 120
      },
      {
        "名称": "部署聚变弹头",
        "效果": "聚变打击需20秒生效，对大范围目标造成最多300（+200对建筑）点伤害，需幽灵指定目标",
        "消耗": {
          "矿": 100,
          "气": 100
        },
        "时间": 60
      }
    ]
  },
  {
    "名称": "重工厂（Factory）",
    "升级": [
      {
        "名称": "精钢装甲",
        "效果": "使建筑物的护甲提高2，使地堡的装载空间增加2，为指挥中心和行星要塞提供额外的装载空间",
        "消耗": {
          "矿": 150,
          "气": 150
        },
        "时间": 140
      }
    ],
    "技能": [
      {
        "名称": "建造科技实验室",
        "效果": "战车研发建筑。科技实验室可组合生产建筑。开启：飓风、攻城坦克，建造军械库可开启雷神",
        "消耗": {
          "矿": 50,
          "气": 25
        },
        "时间": 25
      },
      {
        "名称": "建造反应堆",
        "效果": "使该建筑能够同步生产两个单位",
        "消耗": {
          "矿": 50,
          "气": 50
        },
        "时间": 50
      }
    ]
  },
  {
    "名称": "军械库（Armory）",
    "升级": [
      {
        "名称": "精钢装甲",
        "效果": "使建筑物的护甲提高2，使地堡的装载空间增加2，为指挥中心和行星要塞提供额外的装载空间",
        "消耗": {
          "矿": 150,
          "气": 150
        },
        "时间": 140
      }
    ],
    "技能": [
      {
        "名称": "升级战车武器",
        "效果": "提升战车单位的火力",
        "消耗": {
          "矿": [100, 175, 250],
          "气": [100, 175, 250]
        },
        "时间": [160, 190, 220]
      },
      {
        "名称": "升级舰船武器",
        "效果": "提升星港制造单位的火力",
        "消耗": {
          "矿": [100, 175, 250],
          "气": [100, 175, 250]
        },
        "时间": [160, 190, 220]
      },
      {
        "名称": "升级战车及舰船钢板",
        "效果": "为重工厂或星港生产的单位升级护甲",
        "消耗": {
          "矿": [100, 175, 250],
          "气": [100, 175, 250]
        },
        "时间": [160, 190, 220]
      }
    ]
  },
  {
    "名称": "星港（Starport）",
    "升级": [
      {
        "名称": "精钢装甲",
        "效果": "使建筑物的护甲提高2，使地堡的装载空间增加2，为指挥中心和行星要塞提供额外的装载空间",
        "消耗": {
          "矿": 150,
          "气": 150
        },
        "时间": 140
      }
    ],
    "技能": [
      {
        "名称": "建造科技实验室",
        "效果": "空中单位研发建筑。科技实验室可组合生产建筑。开启：女妖、铁鸦，建造聚变芯体可开启战列巡航舰",
        "消耗": {
          "矿": 50,
          "气": 25
        },
        "时间": 25
      },
      {
        "名称": "建造反应堆",
        "效果": "使该建筑能够同步生产两个单位",
        "消耗": {
          "矿": 50,
          "气": 50
        },
        "时间": 50
      }
    ]
  },
  {
    "名称": "聚变芯体（Fusion Core）",
    "升级": [
      {
        "名称": "精钢装甲",
        "效果": "使建筑物的护甲提高2，使地堡的装载空间增加2，为指挥中心和行星要塞提供额外的装载空间",
        "消耗": {
          "矿": 150,
          "气": 150
        },
        "时间": 140
      }
    ],
    "技能": [
      {
        "名称": "研发武器改装",
        "效果": "使战列巡航舰能够使用大和炮",
        "消耗": {
          "矿": 150,
          "气": 150
        },
        "时间": 140
      },
      {
        "名称": "研究卡度休斯反应堆",
        "效果": "医疗运输机的能量恢复率x2",
        "消耗": {
          "矿": 100,
          "气": 100
        },
        "时间": 70
      },
      {
        "名称": "研究强化弹道",
        "效果": "解放者在防卫模式下的射程提高3",
        "消耗": {
          "矿": 150,
          "气": 150
        },
        "时间": 110
      }
    ]
  },
  {
    "名称": "科技实验室（Tech Lab）",
    "升级": [
      {
        "名称": "精钢装甲",
        "效果": "使建筑物的护甲提高2，使地堡的装载空间增加2，为指挥中心和行星要塞提供额外的装载空间",
        "消耗": {
          "矿": 150,
          "气": 150
        },
        "时间": 140
      }
    ],
    "技能": [
      {
        "名称": "研发防暴护盾",
        "效果": "陆战队员生命值+10",
        "消耗": {
          "矿": 100,
          "气": 100
        },
        "时间": 110
      },
      {
        "名称": "研发强化剂",
        "效果": "使陆战队员、劫掠者能够注射强化剂（暂时提高攻速和移速，但会自伤）",
        "消耗": {
          "矿": 100,
          "气": 100
        },
        "时间": 140
      },
      {
        "名称": "研发震荡弹",
        "效果": "劫掠者的武器可降低敌人移速",
        "消耗": {
          "矿": 50,
          "气": 50
        },
        "时间": 60
      },
      {
        "名称": "研究地狱火预燃器",
        "效果": "恶火对轻甲+5伤害，恶蝠对轻甲+12伤害",
        "消耗": {
          "矿": 100,
          "气": 100
        },
        "时间": 110
      },
      {
        "名称": "研究智能伺服器",
        "效果": "恶火、恶蝠、维京战机、雷神可快速变形",
        "消耗": {
          "矿": 150,
          "气": 150
        },
        "时间": 110
      },
      {
        "名称": "研究钻地之爪",
        "效果": "寡妇雷潜地和激活速度加快三倍",
        "消耗": {
          "矿": 75,
          "气": 75
        },
        "时间": 110
      },
      {
        "名称": "研究飓风推进器",
        "效果": "提高飓风的移动速度",
        "消耗": {
          "矿": 100,
          "气": 100
        },
        "时间": 140
      },
      {
        "名称": "研究隐形力场",
        "效果": "使女妖能够使用隐形技能（只能被侦测单位或效果发现）",
        "消耗": {
          "矿": 100,
          "气": 100
        },
        "时间": 110
      },
      {
        "名称": "研究高速旋翼",
        "效果": "提高女妖战机的速度",
        "消耗": {
          "矿": 125,
          "气": 125
        },
        "时间": 140
      },
      {
        "名称": "研究干扰矩阵",
        "效果": "使铁鸦能够使用干扰矩阵技能",
        "消耗": {
          "矿": 50,
          "气": 50
        },
        "时间": 80
      }
    ]
  },
  {
    "名称": "反应堆（Reactor）",
    "升级": [
      {
        "名称": "精钢装甲",
        "效果": "使建筑物的护甲提高2，使地堡的装载空间增加2，为指挥中心和行星要塞提供额外的装载空间",
        "消耗": {
          "矿": 150,
          "气": 150
        },
        "时间": 140
      }
    ],
    "技能": []
  },
  {
    "名称": "自动机炮（Auto-Turret）",
    "升级": [
      {
        "名称": "瞬时自动追踪",
        "效果": "导弹塔、自动机炮和行星要塞射程+1",
        "消耗": {
          "矿": 100,
          "气": 100
        },
        "时间": 80
      }
    ],
    "技能": []
  }
]