[
  {
    "名称": "SCV",
    "种族": "人类（Terran）",
    "生命值": 45,
    "护甲": "0/1/2/3",
    "移动速度": 2.8125,
    "占用舱载空间": 1,
    "属性": ["轻甲", "生物单位", "机械单位"],
    "生产设施": ["指挥中心", "轨道控制基地", "行星要塞"],
    "快捷键": "S",
    "成本": {
      "矿": 50
    },
    "占用补给": 1,
    "生产时间": 17,
    "升级项目": ["人类步兵护甲"],
    "武器": {
      "名称": "熔枪",
      "伤害": 5,
      "攻击间隔": 1.5,
      "射程": 0.2,
      "目标": ["地面"]
    },
    "技能": ["采集", "建造建筑", "建造高级建筑", "修理"]
  },
  {
    "名称": "陆战队员（Marine）",
    "种族": "人类（Terran）",
    "生命值": 45,
    "护甲": "0/1/2/3",
    "移动速度": 2.25,
    "占用舱载空间": 1,
    "属性": ["轻甲", "生物单位"],
    "生产设施": "兵营",
    "快捷键": "A",
    "成本": {
      "矿": 50
    },
    "占用补给": 1,
    "生产时间": 25,
    "升级项目": ["人类步兵武器", "人类步兵护甲", "强化剂", "防暴护盾"],
    "武器": {
      "名称": "C-14型电磁枪",
      "基础伤害": 6,
      "升级伤害": [7, 8, 9],
      "攻击间隔": 0.8608,
      "射程": 5,
      "目标": ["地面", "空中"]
    },
    "技能": ["使用强化剂"]
  },
  {
    "名称": "收割者（Reaper）",
    "种族": "人类（Terran）",
    "生命值": 60,
    "护甲": "0/1/2/3",
    "移动速度": 3.75,
    "占用舱载空间": 1,
    "属性": ["轻甲", "生物单位"],
    "生产设施": "兵营",
    "快捷键": "R",
    "成本": {
      "矿": 50,
      "气": 50
    },
    "占用补给": 1,
    "生产时间": 45,
    "升级项目": ["人类步兵武器", "人类步兵护甲"],
    "武器": {
      "名称": "P-45型电磁手枪",
      "基础伤害": 4,
      "升级伤害": [5, 6, 7],
      "多重攻击": 2,
      "攻击间隔": 1.1,
      "射程": 5,
      "目标": ["地面"]
    },
    "技能": ["KD8型炸弹", "喷气背包", "战斗药剂"]
  },
  {
    "名称": "劫掠者（Marauder）",
    "种族": "人类（Terran）",
    "生命值": 125,
    "护甲": "1/2/3/4",
    "移动速度": 2.25,
    "占用舱载空间": 2,
    "属性": ["重甲", "生物单位"],
    "生产设施": "兵营",
    "快捷键": "D",
    "前置设施": "科技实验室",
    "成本": {
      "矿": 100,
      "气": 25
    },
    "占用补给": 2,
    "生产时间": 30,
    "升级项目": ["人类步兵武器", "人类步兵护甲", "强化剂", "震荡弹"],
    "武器": {
      "名称": "惩罚者榴弹",
      "基础伤害": 10,
      "对重甲加成": 10,
      "升级伤害": [11, 12, 13],
      "攻击间隔": 1.5,
      "射程": 6,
      "目标": ["地面"]
    },
    "技能": ["使用强化剂", "震荡弹"]
  },
  {
    "名称": "幽灵（Ghost）",
    "种族": "人类（Terran）",
    "生命值": 100,
    "护甲": "0/1/2/3",
    "移动速度": 2.8125,
    "占用舱载空间": 2,
    "属性": ["生物单位", "灵能单位"],
    "生产设施": "兵营",
    "前置设施": "幽灵军校",
    "快捷键": "G",
    "成本": {
      "矿": 150,
      "气": 125
    },
    "占用补给": 3,
    "生产时间": 40,
    "升级项目": ["人类步兵武器", "人类步兵护甲", "隐形迷彩"],
    "武器": {
      "名称": "C-10型霰弹步枪",
      "基础伤害": 10,
      "对轻甲加成": 10,
      "升级伤害": [11, 12, 13],
      "攻击间隔": 1.5,
      "射程": 6,
      "目标": ["地面", "空中"]
    },
    "技能": ["战术聚变打击", "停火-自由射击", "稳定瞄准", "EMP弹", "隐形"]
  },
  {
    "名称": "恶火（Hellion）",
    "种族": "人类（Terran）",
    "生命值": 90,
    "护甲": "0/1/2/3",
    "移动速度": 4.25,
    "占用舱载空间": 2,
    "属性": ["轻甲", "机械单位"],
    "生产设施": ["重工厂", "恶蝠"],
    "快捷键": "E",
    "成本": {
      "矿": 100
    },
    "占用补给": 2,
    "生产时间": 30,
    "升级项目": ["人类战车武器", "人类战车和舰船钢板", "地狱火预燃器", "智能伺服器"],
    "武器": {
      "名称": "地狱火喷射器",
      "基础伤害": 8,
      "对轻甲加成": 6,
      "升级伤害": [9, 10, 11],
      "攻击间隔": 2.5,
      "射程": 5,
      "目标": ["地面"]
    },
    "技能": ["恶蝠模式"]
  },
  {
    "名称": "攻城坦克（坦克模式）（Siege Tank）",
    "种族": "人类（Terran）",
    "生命值": 175,
    "护甲": "1/2/3/4",
    "移动速度": 2.25,
    "占用舱载空间": 4,
    "属性": ["重甲", "机械单位"],
    "生产设施": ["重工厂", "攻城坦克(攻城模式)"],
    "前置设施": "科技实验室",
    "快捷键": "S/D",
    "成本": {
      "矿": 150,
      "气": 125
    },
    "占用补给": 3,
    "生产时间": 45,
    "升级项目": ["人类战车和舰船钢板", "人类战车武器"],
    "武器": {
      "名称": "90毫米口径火炮",
      "基础伤害": 15,
      "对重甲加成": 10,
      "升级伤害": [17, 19, 21],
      "攻击间隔": 1.04,
      "射程": 7,
      "目标": ["地面"]
    },
    "技能": ["攻城模式"]
  },
  {
    "名称": "攻城坦克（攻城模式）（Siege Tank）",
    "种族": "人类（Terran）",
    "生命值": 175,
    "护甲": "1/2/3/4",
    "属性": ["重甲", "机械单位"],
    "生产设施": "攻城坦克",
    "快捷键": "E",
    "占用补给": 3,
    "生产时间": 3.5,
    "升级项目": ["人类战车和舰船钢板", "人类战车武器"],
    "武器": {
      "名称": "穿冲震击炮",
      "基础伤害": 40,
      "对重甲加成": 30,
      "升级伤害": [44, 48, 52],
      "攻击间隔": 3,
      "射程": "2-13",
      "目标": ["地面"]
    },
    "技能": ["坦克模式"]
  },
  {
    "名称": "雷神（Thor）",
    "种族": "人类（Terran）",
    "生命值": 400,
    "护甲": "1/2/3/4",
    "移动速度": 1.875,
    "占用舱载空间": 8,
    "属性": ["重甲", "机械单位", "重型单位"],
    "生产设施": "重工厂",
    "前置设施": ["科技实验室", "军械库"],
    "快捷键": "T/D",
    "成本": {
      "矿": 300,
      "气": 200
    },
    "占用补给": 6,
    "生产时间": 60,
    "升级项目": ["人类战车和舰船钢板", "人类战车武器", "智能伺服器"],
    "武器": [
      {
        "名称": "雷神之锤",
        "基础伤害": 30,
        "升级伤害": [33, 36, 39],
        "多重攻击": 2,
        "攻击间隔": 1.28,
        "射程": 7,
        "目标": ["地面"]
      },
      {
        "名称": "标枪导弹发射筒",
        "基础伤害": 6,
        "对轻甲加成": 6,
        "升级伤害": [7, 8, 9],
        "多重攻击": 4,
        "攻击间隔": 3,
        "射程": 10,
        "目标": ["空中"]
      }
    ],
    "技能": ["冲击弹头"]
  },
  {
    "名称": "维京战机（战机模式）（Viking）",
    "种族": "人类（Terran）",
    "生命值": 135,
    "护甲": "0/1/2/3",
    "移动速度": 2.75,
    "占用舱载空间": 2,
    "属性": ["重甲", "机械单位"],
    "生产设施": ["星港", "维京战机(机甲模式)"],
    "快捷键": "V/E",
    "成本": {
      "矿": 150,
      "气": 75
    },
    "占用补给": 2,
    "生产时间": 42,
    "升级项目": ["人类舰船武器", "人类战车和舰船钢板", "智能伺服器"],
    "武器": {
      "名称": "兰泽尔飞雷",
      "基础伤害": 10,
      "对重甲加成": 4,
      "升级伤害": [11, 12, 13],
      "多重攻击": 2,
      "攻击间隔": 2,
      "射程": 9,
      "目标": ["空中"]
    },
    "技能": ["机甲模式"]
  },
  {
    "名称": "维京战机（机甲模式）（Viking）",
    "种族": "人类（Terran）",
    "生命值": 135,
    "护甲": "0/1/2/3",
    "移动速度": 2.25,
    "属性": ["重甲", "机械单位"],
    "生产设施": "维京战机",
    "快捷键": "D",
    "占用补给": 2,
    "生产时间": 2.34,
    "升级项目": ["人类舰船武器", "人类战车和舰船钢板", "智能伺服器"],
    "武器": {
      "名称": "格林机关炮",
      "基础伤害": 12,
      "对机械加成": 8,
      "升级伤害": [13, 14, 15],
      "攻击间隔": 1,
      "射程": 6,
      "目标": ["地面"]
    },
    "技能": ["战机模式"]
  },
  {
    "名称": "医疗运输机（Medivac）",
    "种族": "人类（Terran）",
    "生命值": 150,
    "能量": 200,
    "护甲": "1/2/3/4",
    "移动速度": 2.5,
    "属性": ["重甲", "机械单位"],
    "生产设施": "星港",
    "快捷键": "D",
    "成本": {
      "矿": 100,
      "气": 100
    },
    "占用补给": 2,
    "生产时间": 42,
    "升级项目": ["人类战车和舰船钢板", "卡度休斯反应堆"],
    "技能": ["治疗", "应急推进器", "装载-全部卸载"]
  },
  {
    "名称": "铁鸦（Raven）",
    "种族": "人类（Terran）",
    "生命值": 140,
    "能量": 200,
    "护甲": "1/2/3/4",
    "移动速度": 2.9,
    "属性": ["轻甲", "机械单位"],
    "生产设施": "星港",
    "前置设施": "科技实验室",
    "快捷键": "R",
    "成本": {
      "矿": 100,
      "气": 150
    },
    "占用补给": 2,
    "生产时间": 48,
    "升级项目": ["人类战车和舰船钢板", "干扰矩阵"],
    "技能": ["制造自动机炮", "反护甲飞弹", "干扰矩阵", "侦测单位"]
  },
  {
    "名称": "女妖（Banshee）",
    "种族": "人类（Terran）",
    "生命值": 140,
    "能量": 200,
    "护甲": "0/1/2/3",
    "移动速度": 3.75,
    "属性": ["轻甲", "机械单位"],
    "生产设施": "星港",
    "前置设施": "科技实验室",
    "快捷键": "E",
    "成本": {
      "矿": 150,
      "气": 100
    },
    "占用补给": 3,
    "生产时间": 60,
    "升级项目": ["人类舰船武器", "人类战车和舰船钢板", "隐形力场", "高速旋翼"],
    "武器": {
      "名称": "反冲火箭",
      "基础伤害": 12,
      "升级伤害": [13, 14, 15],
      "多重攻击": 2,
      "攻击间隔": 1.25,
      "射程": 6,
      "目标": ["地面"]
    },
    "技能": ["隐形"]
  },
  {
    "名称": "战略巡航舰（Battlecruiser）",
    "种族": "人类（Terran）",
    "生命值": 550,
    "护甲": "3/4/5/6",
    "移动速度": 1.9,
    "属性": ["重甲", "机械单位", "重型单位"],
    "生产设施": "星港",
    "前置设施": ["科技实验室", "聚变芯体"],
    "快捷键": "B",
    "成本": {
      "矿": 400,
      "气": 300
    },
    "占用补给": 6,
    "生产时间": 90,
    "升级项目": ["人类舰船武器", "人类战车和舰船钢板", "武器改装"],
    "武器": [
      {
        "名称": "空对地激光炮组",
        "基础伤害": 8,
        "升级伤害": [9, 10, 11],
        "攻击间隔": 0.225,
        "射程": 6,
        "目标": ["地面"],
        "特性": "移动攻击"
      },
      {
        "名称": "空对空激光炮组",
        "基础伤害": 5,
        "升级伤害": [6, 7, 8],
        "攻击间隔": 0.225,
        "射程": 6,
        "目标": ["空中"],
        "特性": "移动攻击"
      }
    ],
    "技能": ["大和炮", "战术跳跃"]
  },
  {
    "名称": "矿骡（MULE）",
    "种族": "人类（Terran）",
    "生命值": 60,
    "护甲": "0/1/2/3",
    "移动速度": 2.8,
    "属性": ["轻甲", "机械单位"],
    "生产设施": "轨道控制基地",
    "技能": ["采集", "修理"]
  },
  {
    "名称": "寡妇雷（Widow Mine）",
    "种族": "人类",
    "生命值": 90,
    "护甲": "0/1/2/3",
    "移动速度": 2.8125,
    "占用舱载空间": 2,
    "属性": ["轻甲", "机械单位"],
    "生产设施": "重工厂",
    "成本": {
      "矿": 75,
      "气": 25
    },
    "占用补给": 2,
    "生产时间": 30,
    "升级项目": ["人类战车和舰船钢板", "钻地之爪"],
    "武器": ["哨兵导弹", "激活地雷", "解除寡妇雷", "潜伏"]
  },
  {
    "名称": "恶蝠（Hellbat）",
    "种族": "人类",
    "生命值": 135,
    "护甲": "0/1/2/3",
    "移动速度": 2.25,
    "属性": ["轻甲", "机械单位", "生物"],
    "生产设施": ["重工厂", "恶火"],
    "前置设施": "军械库",
    "成本": {
      "矿": 100
    },
    "占用补给": 2,
    "生产时间": 30,
    "升级项目": ["人类战车和舰船钢板", "人类战车武器", "地狱火预燃器", "智能伺服器"],
    "武器": {
      "名称": "凝固汽油喷射器",
      "伤害": "18/20/22/24 (+12 对轻甲)",
      "升级": 2,
      "攻击间隔": 2,
      "射程": 2,
      "目标": ["地面"]
    },
    "技能": ["恶火模式"]
  },
  {
    "名称": "飓风（Cyclone）",
    "种族": "人类",
    "生命值": 120,
    "护甲": "1/2/3/4",
    "移动速度": 3.375,
    "属性": ["重甲", "机械单位"],
    "生产设施": "重工厂",
    "前置设施": "科技实验室",
    "成本": {
      "矿": 150,
      "气": 100
    },
    "占用补给": 3,
    "生产时间": 45,
    "升级项目": ["人类战车和舰船钢板", "人类战车武器", "电磁力场加速器"],
    "武器": {
      "名称": "台风飞弹舱",
      "伤害": "18/19/20/21",
      "升级": 1,
      "攻击间隔": 1,
      "射程": 5,
      "目标": ["地面", "空中"]
    },
    "技能": ["锁定"]
  },
  {
    "名称": "解放者（Liberator）",
    "种族": "人类",
    "生命值": 180,
    "护甲": "0/1/2/3",
    "移动速度": 3.375,
    "属性": ["重甲", "机械单位"],
    "生产设施": "星港",
    "成本": {
      "矿": 150,
      "气": 125
    },
    "占用补给": 3,
    "生产时间": 60,
    "升级项目": ["人类战车和舰船钢板", "人类舰船武器"],
    "武器": {
      "名称": "列克星敦火箭",
      "伤害": "5/6/7/8",
      "升级": 1,
      "多重攻击": 2,
      "攻击间隔": 1.8,
      "射程": 5,
      "目标": ["空中"]
    },
    "技能": ["防卫模式"]
  }
]