[
  {
    "名称": "指挥中心（Command Center）",
    "种族": "人类",
    "生命值": 1500,
    "护甲": 1,
    "移动速度": 0.94,
    "属性": ["重甲", "机械", "建筑"],
    "生产设施": "SCV",
    "快捷键": "BC",
    "成本": {
      "矿": 400
    },
    "生产时间": 100,
    "升级项目": ["精钢装甲"],
    "技能": ["制造SCV", "升级为轨道控制基地", "升级为行星要塞", "装载-全部卸载", "升空-着陆"]
  },
  {
    "名称": "轨道控制基地（Orbital Command）",
    "种族": "人类",
    "生命值": 1500,
    "护甲": 1,
    "移动速度": 0.94,
    "属性": ["重甲", "机械", "建筑"],
    "生产设施": "指挥中心",
    "前置设施": "兵营",
    "快捷键": "B",
    "成本": {
      "矿": 150
    },
    "生产时间": 35,
    "升级项目": ["精钢装甲"],
    "技能": ["制造SCV", "轨道空投：矿骡", "轨道空投：额外补给", "析象扫描", "升空-着陆"]
  },
  {
    "名称": "行星要塞（Planetary Fortress）",
    "种族": "人类",
    "生命值": 1500,
    "护甲": 2,
    "属性": ["重甲", "机械", "建筑"],
    "生产设施": "指挥中心",
    "前置设施": "工程站",
    "快捷键": "P",
    "成本": {
      "矿": 150,
      "气": 150
    },
    "生产时间": 50,
    "升级项目": ["精钢装甲", "瞬时自动追踪"],
    "武器": {
      "名称": "伊比克斯火炮",
      "伤害": 40,
      "攻击间隔": 2,
      "射程": 6,
      "目标": ["地面"]
    },
    "技能": ["制造SCV", "装载-全部卸载"]
  },
  {
    "名称": "精炼厂（Refinery）",
    "种族": "人类",
    "生命值": 500,
    "护甲": 1,
    "属性": ["重甲", "机械", "建筑"],
    "生产设施": "SCV",
    "快捷键": "BR",
    "成本": {
      "矿": 75
    },
    "生产时间": 30,
    "升级项目": ["精钢装甲"]
  },
  {
    "名称": "补给站（Supply Depot）",
    "种族": "人类",
    "生命值": 400,
    "护甲": 1,
    "属性": ["重甲", "机械", "建筑"],
    "生产设施": "SCV",
    "快捷键": "BS",
    "成本": {
      "矿": 100
    },
    "生产时间": 30,
    "升级项目": ["精钢装甲"],
    "技能": ["降下-升起"]
  },
  {
    "名称": "兵营（Barracks）",
    "种族": "人类",
    "生命值": 1000,
    "护甲": 1,
    "移动速度": 0.94,
    "属性": ["重甲", "机械", "建筑"],
    "生产设施": "SCV",
    "前置设施": "补给站",
    "快捷键": "BB",
    "成本": {
      "矿": 150
    },
    "生产时间": 65,
    "升级项目": ["精钢装甲"],
    "技能": [
      "训练陆战队员", 
      "训练收割者", 
      "训练劫掠者", 
      "训练幽灵", 
      "建造反应堆", 
      "建造科技实验室", 
      "升空-着陆"
    ]
  },
  {
    "名称": "工程站（Engineering Bay）",
    "种族": "人类",
    "生命值": 850,
    "护甲": 1,
    "属性": ["重甲", "机械", "建筑"],
    "生产设施": "SCV",
    "前置设施": "指挥中心",
    "快捷键": "BE",
    "成本": {
      "矿": 125
    },
    "生产时间": 35,
    "升级项目": ["精钢装甲"],
    "技能": [
      "升级步兵护甲", 
      "升级步兵武器", 
      "研发瞬时自动追踪", 
      "升级精钢护甲"
    ]
  },
  {
    "名称": "地堡（Bunker）",
    "种族": "人类",
    "生命值": 400,
    "护甲": 1,
    "属性": ["重甲", "机械", "建筑"],
    "生产设施": "SCV",
    "前置设施": "兵营",
    "快捷键": "BU",
    "成本": {
      "矿": 100
    },
    "生产时间": 40,
    "升级项目": ["精钢装甲"],
    "技能": ["使用强化剂", "装载-全部卸载", "回收"]
  },
  {
    "名称": "导弹塔（Missile Turret）",
    "种族": "人类",
    "生命值": 250,
    "护甲": 0,
    "属性": ["重甲", "机械", "建筑"],
    "生产设施": "SCV",
    "前置设施": "工程站",
    "快捷键": "BT",
    "成本": {
      "矿": 100
    },
    "生产时间": 25,
    "武器": {
      "名称": "长箭飞弹",
      "伤害": 12,
      "多重攻击": 2,
      "攻击间隔": 0.9,
      "射程": 7,
      "目标": ["空中"]
    },
    "升级项目": ["精钢装甲", "瞬时自动追踪"],
    "技能": ["侦测单位"]
  },
  {
    "名称": "感应塔（Sensor Tower）",
    "种族": "人类",
    "生命值": 200,
    "护甲": 0,
    "属性": ["重甲", "机械", "建筑"],
    "生产设施": "SCV",
    "前置设施": "工程站",
    "快捷键": "BN",
    "成本": {
      "矿": 100,
      "气": 50
    },
    "生产时间": 25,
    "升级项目": ["精钢装甲"],
    "技能": ["雷达", "回收"]
  },
  {
    "名称": "幽灵军校（Ghost Academy）",
    "种族": "人类",
    "生命值": 1250,
    "护甲": 1,
    "属性": ["重甲", "机械", "建筑"],
    "生产设施": "SCV",
    "前置设施": "兵营",
    "快捷键": "VG",
    "成本": {
      "矿": 150,
      "气": 50
    },
    "生产时间": 40,
    "升级项目": ["精钢装甲"],
    "技能": ["研发隐形迷彩", "在发射井中部署聚变弹头"]
  },
  {
    "名称": "重工厂（Factory）",
    "种族": "人类",
    "生命值": 1250,
    "护甲": 1,
    "移动速度": 0.94,
    "属性": ["重甲", "机械", "建筑"],
    "生产设施": "SCV",
    "前置设施": "兵营",
    "快捷键": "VF",
    "成本": {
      "矿": 150,
      "气": 100
    },
    "生产时间": 60,
    "升级项目": ["精钢装甲"],
    "技能": [
      "制造恶火", 
      "制造寡妇雷", 
      "制造飓风", 
      "制造攻城坦克", 
      "制造恶蝠", 
      "制造雷神", 
      "建造反应堆", 
      "建造科技实验室", 
      "升空-着陆"
    ]
  },
  {
    "名称": "军械库（Armory）",
    "种族": "人类",
    "生命值": 750,
    "护甲": 1,
    "属性": ["重甲", "机械", "建筑"],
    "生产设施": "SCV",
    "前置设施": "重工厂",
    "快捷键": "VA",
    "成本": {
      "矿": 150,
      "气": 50
    },
    "生产时间": 65,
    "升级项目": ["精钢装甲"],
    "技能": ["升级战车武器", "升级舰船武器", "升级战车及舰船钢板"]
  },
  {
    "名称": "星港（Starport）",
    "种族": "人类",
    "生命值": 1300,
    "护甲": 1,
    "移动速度": 0.94,
    "属性": ["重甲", "机械", "建筑"],
    "生产设施": "SCV",
    "前置设施": "重工厂",
    "快捷键": "VS",
    "成本": {
      "矿": 150,
      "气": 100
    },
    "生产时间": 50,
    "升级项目": ["精钢装甲"],
    "技能": [
      "制造维京战机", 
      "制造医疗运输机", 
      "制造解放者", 
      "制造铁鸦", 
      "制造女妖", 
      "制造战列巡航舰", 
      "建造反应堆", 
      "建造科技实验室", 
      "升空-着陆"
    ]
  },
  {
    "名称": "聚变芯体（Fusion Core）",
    "种族": "人类",
    "生命值": 750,
    "护甲": 1,
    "属性": ["重甲", "机械", "建筑"],
    "生产设施": "SCV",
    "前置设施": "星港",
    "快捷键": "VC",
    "成本": {
      "矿": 150,
      "气": 100
    },
    "生产时间": 65,
    "升级项目": ["精钢装甲"],
    "技能": ["研发武器改装", "研究卡度休斯反应堆", "研究强化弹道"]
  },
  {
    "名称": "科技实验室（Tech Lab）",
    "种族": "人类",
    "生命值": 400,
    "护甲": 1,
    "属性": ["重甲", "机械", "建筑"],
    "生产设施": ["兵营", "重工厂", "星港"],
    "快捷键": "X",
    "成本": {
      "矿": 50,
      "气": 25
    },
    "生产时间": 25,
    "升级项目": ["精钢装甲"],
    "技能": [
      "研发防暴护盾", 
      "研发强化剂", 
      "研发震荡弹", 
      "研究地狱火预燃器", 
      "研究智能伺服器", 
      "研究钻地之爪", 
      "研究飓风推进器", 
      "研究隐形力场", 
      "研究高速旋翼", 
      "研究干扰矩阵"
    ]
  },
  {
    "名称": "反应堆（Reactor）",
    "种族": "人类",
    "生命值": 400,
    "护甲": 1,
    "属性": ["重甲", "机械", "建筑"],
    "生产设施": ["兵营", "重工厂", "星港"],
    "快捷键": "C",
    "成本": {
      "矿": 50,
      "气": 50
    },
    "生产时间": 50,
    "升级项目": ["精钢装甲"],
    "技能": ["使建筑物可以同时生产两个单位"]
  },
  {
    "名称": "自动机炮（Auto-Turret）",
    "种族": "人类",
    "生命值": 100,
    "护甲": 0,
    "属性": ["重甲", "机械", "建筑"],
    "生产设施": "铁鸦",
    "快捷键": "T",
    "成本": {
      "能量": 50
    },
    "武器": {
      "名称": "12毫米口径电磁炮",
      "伤害": 18,
      "攻击间隔": 0.8,
      "射程": 6,
      "目标": ["地面", "空中"]
    },
    "升级项目": ["瞬时自动追踪"]
  }
]