[
  {
    "名称": "SCV",
    "战术手册": [
      "轻型单位，可建造建筑、采集资源和进行修复。只能攻击地面目标。",
      "派几个SCV向机械单位提供战地支援。",
      "尽管作战能力极弱，但在若干陆战队员的配合下，可利用SCV在速攻中取胜。",
      "与另外两个种族的劳作单位相比，SCV是最具生命力的一个。它们还能对自身进行修复。",
      "可通过生成许多SCV,来以更快的速度采集资源。",
      "切勿向单个精炼厂派出超过3个SCV。",
      "如果发现有敌方SCV在你方基地附近执行建造任务，要先攻击SCV而非建筑。",
      "派劳作单位前去侦察，它们的生成速度快且成本低廉，也不会暴露过多己方信息。",
      "SCV前往采集晶体矿的时候没有碰撞体积。"
    ]
  },
  {
    "名称": "陆战队员",
    "战术手册": [
      "轻型步兵，能够攻击地面和空中目标。",
      "全能泛用作战单位，能够应对多种战况。",
      "廉价却脆弱。形成规模之后十分强大，尤其是在得到劫掠者、恶火、攻城坦克或医疗运输机等单位的支援之后。",
      "尽可能将他们部署在高地或路口。",
      "可以进入地堡以获得防护并增加射程。",
      "面对心灵风暴或巨像、攻城坦克等单位的范围伤害时十分脆弱。"
    ]
  },
  {
    "名称": "收割者",
    "战术手册": [
      "可攻击地面目标的高速游骑兵。",
      "其所具有的喷射背囊可使其翻越障碍，赋予其极大的机动性。",
      "可消灭轻型单位，并用炸弹摧毁建筑物。",
      "擅长执行“打带跑”战略，在对抗轻型单位和劳作型单位时优势尤为明显。",
      "非常脆弱的单位——切忌将其暴露在敌人的火力之下。",
      "高速和自由移动的特性使其成为杰出的侦察兵。",
      "可藏于地堡之中，以获得保护和延长射程。"
    ]
  },
  {
    "名称": "劫掠者",
    "战术手册": [
      "重甲突击步兵，可以攻击地面目标。",
      "研究震荡弹可以减慢敌人的移动速度。",
      "对抗敌方地面重甲部队和建筑时十分有效。",
      "可以进入地堡以获得防护并增加射程。"
    ],
    "技能": [
      {
        "名称": "使用强化剂",
        "效果": "提升50%攻击速度和移动速度，持续15秒"
      },
      {
        "名称": "震荡弹（被动）",
        "效果": "被劫掠者命中的单位会被暂时减速50%，持续约1.5秒"
      }
    ],
    "升级": [
      {
        "名称": "强化剂",
        "效果": "使陆战队员、劫掠者能够注射强化剂，暂时提高攻击速度和移动速度（需消耗自身生命值）",
        "成本": "100矿100气，140秒"
      },
      {
        "名称": "震荡弹",
        "效果": "升级劫掠者的武器，使其可以降低敌人的移动速度",
        "成本": "50矿50气，60秒"
      }
    ]
  },
  {
    "名称": "幽灵",
    "战术手册": [
      "特别行动单位，可以对空和对地。",
      "能够使用高超的狙杀技能击杀生物单位。",
      "幽灵使用的EMP弹能够清空敌人的能量储备，并对星灵的护盾造成伤害。被EMP弹击中的隐形单位会在一小段时间内现形。",
      "能够为聚变打击制导。",
      "利用幽灵支援您的部队，佯攻对手或除掉对方的关键性单位/建筑。",
      "进入地堡后可获得保护以及更远的射程。"
    ],
    "技能": [
      {
        "名称": "稳定瞄准",
        "效果": "消耗50能量，对生物单位造成无视护甲的130(+40灵能)点伤害（需2秒引导）"
      },
      {
        "名称": "EMP弹",
        "效果": "消耗75能量，清除目标范围内单位的护盾和能量"
      },
      {
        "名称": "隐形",
        "效果": "消耗25能量并持续消耗能量以维持隐形状态"
      },
      {
        "名称": "战术聚变打击",
        "效果": "引导20秒后对目标区域造成大范围伤害（需消耗聚变弹头）"
      }
    ],
    "升级": [
      {
        "名称": "隐形迷彩",
        "效果": "解锁幽灵的隐形能力",
        "成本": "150矿150气，120秒"
      }
    ]
  },
  {
    "名称": "恶火",
    "战术手册": [
      "轻甲战车，可以对地。",
      "火焰喷射器能够对火力线覆盖的所有敌人造成伤害。",
      "擅长对抗大量密集排列的轻甲单位，升级后效果更佳。",
      "擅长攻击＋后撤的战术，对付近战单位和工作单位尤为有效。",
      "高速移动能力使恶火可以很好地完成侦查任务。",
      "需要较好的操作及合理的站位以最大程度地发挥恶火的战斗力。",
      "对抗远程单位时接近对方；对抗近战单位时“风筝”对方。"
    ],
    "技能": [
      {
        "名称": "恶蝠模式",
        "效果": "变形为恶蝠（冷却时间随智能伺服器升级缩短）"
      }
    ],
    "升级": [
      {
        "名称": "地狱火预燃器",
        "效果": "对轻甲单位额外造成5点伤害",
        "成本": "100矿100气，110秒"
      },
      {
        "名称": "智能伺服器",
        "效果": "缩短变形模式的冷却时间",
        "成本": "150矿150气，110秒"
      }
    ]
  },
  {
    "名称": "攻城坦克（坦克模式）",
    "战术手册": [
      "可攻击地面目标的装甲单位。",
      "其移动式火炮是对付其它装甲单位和建筑的利器。",
      "在攻城模式下，能从远距离之外实施毁灭性火炮打击，但却无法移动。",
      "擅于执行基地防御任务，当被部署在咽喉要道后方或地势较高位置时，优势尤为明显。",
      "位置是发挥其威力的关键。",
      "其攻城模式下，射程甚至远于自身能提供的视野范围。在侦察员的配合下，可取得最远的实际攻击距离。",
      "坦克模式的武器伤害其实并不逊色于攻城模式，但是却无法造成范围伤害，射程也远不如攻城模式。",
      "警惕渡鸦的干扰矩阵。一旦攻城模式的坦克被矩阵干扰，将无法开火也无法收起。",
      "警惕飞蛇的绑架和蔽目毒云。攻城模式下的坦克仍然会被绑架导致自己陷入敌营。若自己处于蔽目毒云范围内（哪怕只有一条腿）都无法开火。"
    ],
    "技能": [
      {
        "名称": "攻城模式",
        "效果": "架起变为攻城模式，射程和伤害提升，但无法移动"
      }
    ]
  },
  {
    "名称": "攻城坦克（攻城模式）",
    "技能": [
      {
        "名称": "坦克模式",
        "效果": "收起变为坦克模式，恢复移动能力"
      }
    ]
  },
  {
    "名称": "雷神",
    "战术手册": [
      "可攻击空中和地面目标的大型装甲单位。",
      "其主炮可对所有地面单位和建筑造成大量伤害，导弹发射器则可遏制敌人的空军力量，尤其是异龙。",
      "在没有支援的情况下非常脆弱。",
      "移动缓慢，建造成本高昂。SCV可对其进行战地修复，并可通过医疗运输机将其快速运往战场各处。"
    ],
    "技能": [
      {
        "名称": "冲击弹头",
        "效果": "切换武器模式以针对空中单体重型单位（变形时间随智能伺服器升级缩短）"
      }
    ],
    "升级": [
      {
        "名称": "智能伺服器",
        "效果": "缩短变形模式的冷却时间",
        "成本": "150矿150气，110秒"
      }
    ]
  },
  {
    "名称": "维京战机（战机模式）",
    "战术手册": [
      "移动缓慢的装甲战机，可变形以攻击空中和地面目标。",
      "切换至机甲模式，在敌人疏于防范的基地附近降落，消灭关键建筑或兵力，然后起飞。",
      "在战机模式下歼击王虫、巨像和敌方空军单位。",
      "如果你具备空中优势，可切换至机甲模式，向你方地面大军提供额外火力支援。",
      "需要3秒以完成在机甲模式和战机模式间的切换。在敌方密集的对空攻势面前，不建议进行此切换。"
    ],
    "升级": [
      {
        "名称": "智能伺服器",
        "效果": "缩短变形模式的冷却时间",
        "成本": "150矿150气，110秒"
      }
    ]
  },
  {
    "名称": "维京战机（机甲模式）",
    "升级": [
      {
        "名称": "智能伺服器",
        "效果": "缩短变形模式的冷却时间",
        "成本": "150矿150气，110秒"
      }
    ]
  },
  {
    "名称": "医疗运输机",
    "战术手册": [
      "装甲运输机，能够治疗生物体单位。",
      "可以将部队空投至敌人的关键战略位置。",
      "出发之前的侦查是尤为重要的，这可以助你了解敌人的防御纵深及可能遇到的阻碍。最近的路线往往并不是最快的路线。",
      "长距离飞行时派遣几架维京战机为医疗运输机护航。",
      "当你使用陆战队员或劫掠者时，切记研究强化剂。医疗运输机的治疗技能可以让他们频繁的使用强化剂。",
      "按下M再左键单击你的步兵以使医疗运输机跟随他。如果右键直接点击地面部队，医疗运输机会将他们放进运输舱。",
      "使用后燃推进系统技能可让医疗运输机更快到达目的地，也能在穿越敌方防线或逃离危险时发挥作用。"
    ],
    "升级": [
      {
        "名称": "卡度休斯反应堆",
        "效果": "医疗运输机的能量恢复率翻倍",
        "成本": "100矿100气，70秒"
      }
    ]
  },
  {
    "名称": "铁鸦",
    "战术手册": [
      "具备侦查能力的支援型单位，同时还能部署自动机炮和定点防御靶机。也可获得猎杀飞弹技能。",
      "用铁鸦侦测隐形/潜地单位或幻像，向你方军队提供支援。",
      "铁鸦在敌人的炮火面前显得非常脆弱，所以请善加保护，并用热键绑定在另一个控制组中。",
      "向敌方基地前沿发起牵制性攻击，同时派若干铁鸦在敌人的矿脉上部署自动机炮。"
    ],
    "升级": [
      {
        "名称": "干扰矩阵",
        "效果": "解锁铁鸦的干扰矩阵技能",
        "成本": "50矿50气，80秒"
      }
    ]
  },
  {
    "名称": "女妖",
    "战术手册": [
      "空中战术打击单位，可以对地和隐形。",
      "擅长对敌方的生产线、关键性单位或建筑进行快速打击。",
      "面对其它空中单位时处于弱势；应尽快研发隐形力场或指派其它空中单位护航。",
      "将女妖部署在无法穿越的障碍物或悬崖上空，以保证来袭的敌人无法对女妖实施打击。"
    ],
    "升级": [
      {
        "名称": "隐形力场",
        "效果": "解锁女妖的隐形能力",
        "成本": "100矿100气，110秒"
      },
      {
        "名称": "高速旋翼",
        "效果": "提高女妖的移动速度",
        "成本": "125矿125气，140秒"
      }
    ]
  },
  {
    "名称": "战列巡洋舰",
    "战术手册": [
      "可以攻击空中和地面单位的主舰。",
      "这艘战舰可以承受及输出大量伤害。用它吸引火力帮助你的地面部队创造杀敌机会，或用它强行突破守备森严的岛屿。",
      "用大和炮消灭敌军的防御建筑或关键目标来为你的小型单位清出一条血路。六艘装有大和炮的战列巡航舰可以一炮夷平对手的主基地。",
      "让SCV跟随并开启自动修理来增加他们的存活时间。",
      "他们的移动速度很慢，所以请保护好它们或建造足够多以至于敌人无法抵挡。",
      "当攻击地面单位时，在地形允许的情况下让你的战列巡航舰处于障碍物或悬崖上来扼杀敌人反击的机会。"
    ],
    "武器": [
      {
        "名称": "大和炮",
        "效果": "造成300点高额伤害",
        "冷却时间": 100
      },
      {
        "名称": "战术跳跃",
        "效果": "折跃至目标位置（无敌状态）",
        "冷却时间": 100
      }
    ]
  },
  {
    "名称": "矿骡",
    "战术手册": [
      "矿骡在其持续的90秒内可从近点矿脉采集共270晶矿，远点矿脉采集共240晶矿",
      "可以与其他工人单位同时采矿，无法采集瓦斯"
    ]
  }
]