[
  {
    "名称": "菌毯肿瘤（Creep Tumor）",
    "种族": "异虫",
    "生命值": 50,
    "护甲": 0,
    "属性": ["轻甲", "生物", "建筑"],
    "生产设施": ["虫后", "菌毯肿瘤"],
    "成本": {
      "能量": 25
    },
    "生产时间": "15/19",
    "技能": ["产下菌毯肿瘤"]
  },
  {
    "名称": "孵化场（Hatchery）",
    "种族": "异虫",
    "生命值": 1500,
    "护甲": 1,
    "属性": ["重甲", "生物", "建筑"],
    "生产设施": "工蜂",
    "成本": {
      "矿": 275
    },
    "生产时间": 100,
    "技能": [
      "选择幼虫",
      "孵化虫后",
      "进化潜地",
      "进化充气甲壳",
      "变异为虫穴"
    ]
  },
  {
    "名称": "虫穴（Lair）",
    "种族": "异虫",
    "生命值": 2000,
    "护甲": 1,
    "属性": ["重甲", "生物", "建筑"],
    "生产设施": "孵化场",
    "前置设施": "分裂池",
    "成本": {
      "矿": 150,
      "气": 100
    },
    "生产时间": 80,
    "技能": [
      "选择幼虫",
      "孵化虫后",
      "进化潜地",
      "进化充气甲壳",
      "变异为主巢"
    ]
  },
  {
    "名称": "主巢（Hive）",
    "种族": "异虫",
    "生命值": 2500,
    "护甲": 1,
    "属性": ["重甲", "生物", "建筑"],
    "生产设施": "虫穴",
    "前置设施": "感染深渊",
    "成本": {
      "矿": 200,
      "气": 150
    },
    "生产时间": 100,
    "技能": [
      "选择幼虫",
      "孵化虫后",
      "进化潜地",
      "进化充气甲壳"
    ]
  },
  {
    "名称": "萃取房（Extractor）",
    "种族": "异虫",
    "生命值": 500,
    "护甲": 1,
    "属性": ["重甲", "生物", "建筑"],
    "生产设施": "工蜂",
    "成本": {
      "矿": 25
    },
    "生产时间": 30,
    "技能": "建造在瓦斯气泉上，用于采集高能瓦斯"
  },
  {
    "名称": "分裂池（Spawning Pool）",
    "种族": "异虫",
    "生命值": 1000,
    "护甲": 1,
    "属性": ["重甲", "生物", "建筑"],
    "生产设施": "工蜂",
    "前置设施": "孵化场",
    "成本": {
      "矿": 200
    },
    "生产时间": 65,
    "技能": ["进化代谢加速", "进化肾上腺体"]
  },
  {
    "名称": "进化腔（Evolution Chamber）",
    "种族": "异虫",
    "生命值": 750,
    "护甲": 1,
    "属性": ["重甲", "生物", "建筑"],
    "生产设施": "工蜂",
    "前置设施": "孵化场",
    "成本": {
      "矿": 75
    },
    "生产时间": 35,
    "技能": ["进化近战攻击", "进化喷射攻击", "进化地面单位甲壳"]
  },
  {
    "名称": "蟑螂温室（Roach Warren）",
    "种族": "异虫",
    "生命值": 850,
    "护甲": 1,
    "属性": ["重甲", "生物", "建筑"],
    "生产设施": "工蜂",
    "前置设施": "分裂池",
    "成本": {
      "矿": 150
    },
    "生产时间": 55,
    "技能": ["进化神经胶原重组", "进化掘地之爪"]
  },
  {
    "名称": "爆虫巢穴（Baneling Nest）",
    "种族": "异虫",
    "生命值": 650,
    "护甲": 1,
    "属性": ["重甲", "生物", "建筑"],
    "生产设施": "工蜂",
    "前置设施": "分裂池",
    "成本": {
      "矿": 100,
      "气": 50
    },
    "生产时间": 60,
    "技能": ["进化环心镰钩"]
  },
  {
    "名称": "脊针爬虫（Spine Crawler）",
    "种族": "异虫",
    "生命值": 300,
    "护甲": 2,
    "移动速度": {
      "基础": 1,
      "菌毯加成": 2.5
    },
    "属性": ["重甲", "生物", "建筑"],
    "生产设施": "工蜂",
    "前置设施": "分裂池",
    "成本": {
      "矿": 100
    },
    "生产时间": 50,
    "武器": {
      "名称": "刺钉触须",
      "伤害": "25 (+5 对重甲)",
      "攻击间隔": 1.85,
      "射程": 7,
      "目标": ["地面"]
    },
    "技能": ["站起", "扎根"]
  },
  {
    "名称": "孢子爬虫（Spore Crawler）",
    "种族": "异虫",
    "生命值": 300,
    "护甲": 1,
    "移动速度": {
      "基础": 1,
      "菌毯加成": 2.5
    },
    "属性": ["重甲", "生物", "建筑"],
    "生产设施": "工蜂",
    "前置设施": "分裂池",
    "成本": {
      "矿": 75
    },
    "生产时间": 30,
    "武器": {
      "名称": "酸涌",
      "伤害": "20 (+10 对生物)",
      "攻击间隔": 0.8608,
      "射程": 7,
      "目标": ["空中"]
    },
    "技能": ["站起", "扎根", "侦测单位"]
  },
  {
    "名称": "刺蛇巢（Hydralisk Den）",
    "种族": "异虫",
    "生命值": 850,
    "护甲": 1,
    "属性": ["重甲", "生物", "建筑"],
    "生产设施": "工蜂",
    "前置设施": "虫穴",
    "成本": {
      "矿": 100,
      "气": 100
    },
    "生产时间": 40,
    "技能": ["进化深槽脊刺", "进化肌腱扩增"]
  },
  {
    "名称": "感染深渊（Infestation Pit）",
    "种族": "异虫",
    "生命值": 850,
    "护甲": 1,
    "属性": ["重甲", "生物", "建筑"],
    "生产设施": "工蜂",
    "前置设施": "虫穴",
    "成本": {
      "矿": 100,
      "气": 100
    },
    "生产时间": 50,
    "技能": ["进化神经寄生"]
  },
  {
    "名称": "尖塔（Spire）",
    "种族": "异虫",
    "生命值": 850,
    "护甲": 1,
    "属性": ["重甲", "生物", "建筑"],
    "生产设施": "工蜂",
    "前置设施": "虫穴",
    "成本": {
      "矿": 200,
      "气": 200
    },
    "生产时间": 100,
    "技能": [
      "进化飞行生物攻击",
      "进化飞行生物甲壳",
      "变异为巨型尖塔"
    ]
  },
  {
    "名称": "巨型尖塔（Greater Spire）",
    "种族": "异虫",
    "生命值": 1000,
    "护甲": 1,
    "属性": ["重甲", "生物", "建筑"],
    "生产设施": "尖塔",
    "前置设施": "主巢",
    "成本": {
      "矿": 100,
      "气": 150
    },
    "生产时间": 100,
    "技能": ["进化飞行生物攻击", "进化飞行生物甲壳"]
  },
  {
    "名称": "虫道网络（Nydus Network）",
    "种族": "异虫",
    "生命值": 850,
    "护甲": 1,
    "属性": ["重甲", "生物", "建筑"],
    "生产设施": "工蜂",
    "前置设施": "虫穴",
    "成本": {
      "矿": 150,
      "气": 150
    },
    "生产时间": 50,
    "技能": ["召唤坑道虫", "装载-全部卸载"]
  },
  {
    "名称": "雷兽窟（Ultralisk Cavern）",
    "种族": "异虫",
    "生命值": 850,
    "护甲": 1,
    "属性": ["重甲", "生物", "建筑"],
    "生产设施": "工蜂",
    "前置设施": "主巢",
    "成本": {
      "矿": 150,
      "气": 200
    },
    "生产时间": 65,
    "技能": ["进化骨板", "进化合成代谢"]
  },
  {
    "名称": "坑道虫（Nydus Worm）",
    "种族": "异虫",
    "生命值": 300,
    "护甲": {
      "基础": 1,
      "出地瞬间": 3
    },
    "属性": ["轻甲", "生物", "建筑"],
    "生产设施": "虫道网络",
    "成本": {
      "矿": 75,
      "气": 75
    },
    "生产时间": 20,
    "技能": ["装载-全部卸载"]
  }
]