[
  {
    "名称": "菌毯肿瘤",
    "战术手册": [
      "沿扩张路径呈链式铺设，每颗肿瘤间隔10单位距离以最大化菌毯覆盖效率。",
      "优先在矿区后方布置，配合脊针爬虫形成防御纵深。",
      "被摧毁前可手动生成新肿瘤，利用「菌毯接力」突破悬崖封锁。",
      "潜地状态下可规避EMP/轨道扫描的探测。",
      "在敌方空投路径上预埋肿瘤，为王虫运输部队提供临时菌毯支持。"
    ]
  },
  {
    "名称": "孵化场",
    "战术手册": [
      "初始建造需贴近晶矿集群，同时预留3×3空间供后续进化虫穴。",
      "幼虫数量不足时优先使用虫后「孵化幼虫」技能而非盲目扩张。",
      "遭遇死神骚扰时立即在矿区进化潜地能力，工蜂可钻地避险。",
      "主巢阶段需提前建造2个气矿采集点，保障雷兽/感染者的瓦斯需求。",
      "分矿优先选择高地区域，利用菌毯加速工蜂往返效率。"
    ]
  },
  {
    "名称": "脊针爬虫",
    "战术手册": [
      "在菌毯边缘以三角形布局部署，射程重叠区域可封锁跳虫冲锋。",
      "对抗人族机械化部队时，前置3座爬虫配合爆虫实施「自杀式防御」。",
      "移动状态下护甲降低50%，调整阵地需在虫后哺液保护下进行。",
      "对重甲单位增伤特性，优先集火劫掠者/不朽者。",
      "在坑道虫出口处预置，防止敌方反打部队瞬间突入。"
    ]
  },
  {
    "名称": "孢子爬虫",
    "战术手册": [
      "每个分矿至少部署2座，呈对角线布局覆盖全部矿区领空。",
      "侦测隐形单位时射程扩展至9，可提前预警幽灵/黑暗圣堂武士。",
      "移动至菌毯前沿充当临时侦察塔，发现女妖/先知立即回撤。",
      "对生物空军增伤50%，集群异龙交战时手动控制优先攻击腐化者。",
      "在虫道网络节点处布置，防范医疗运输机空投EMP。"
    ]
  },
  {
    "名称": "尖塔",
    "战术手册": [
      "建造完成后立即研发一级飞行甲壳，提升异龙对抗光子炮台存活率。",
      "变异巨型尖塔前需确保有6只以上腐化者护卫，防止被维京突袭。",
      "与进化腔同步升级，实现「空地对甲」双重压制。",
      "被核弹标记时，立即将尖塔周围菌毯肿瘤收拢形成缓冲带。",
      "在主巢辐射范围内建造，享受虫后哺液快速修复。"
    ]
  },
  {
    "名称": "虫道网络",
    "战术手册": [
      "每个网络最多连接5个出口，优先设置在敌方二矿背坡/主基悬崖下方。",
      "出口生成时伴随爆虫冲锋，可瞬间瘫痪人族行星要塞。",
      "运输雷兽需提前清理目标区域防空力量，避免坑道虫被秒杀。",
      "网络本体应深藏菌毯核心区，周边布置孢子爬虫反隐。",
      "实施「声东击西」战术：正面佯攻时从网络投送12只感染者在敌后释放霉菌。"
    ]
  },
  {
    "名称": "雷兽窟",
    "战术手册": [
      "进化骨板前需储备至少2000晶矿，保障连续生产3只雷兽的消耗。",
      "建造位置远离前线，最好与主巢重叠防止被空投部队锁定。",
      "合成代谢升级后，雷兽可配合坑道虫实现「跨地图斩首行动」。",
      "被灵能风暴覆盖时，立即命令雷兽冲锋破坏哨兵力场发生器。",
      "每生产1只雷兽应补充4只蟑螂，用于吸引攻城坦克首轮火力。"
    ]
  },
  {
    "名称": "蟑螂温室",
    "战术手册": [
      "研究神经胶原重组后，蟑螂移动速度超越不朽者，可实施「反向风筝」。",
      "与进化腔「喷射攻击」升级同步，使酸性唾液射程达到6单位。",
      "温室被幽灵锁定时，立即在周围部署2只爆虫进行自爆拦截。",
      "建造在二矿气泉旁，方便工蜂变异防御突袭。",
      "优先升级掘地之爪而非甲壳，潜地机动性对牵制巨像更重要。"
    ]
  },
  {
    "名称": "感染深渊",
    "战术手册": [
      "解锁神经寄生后，至少保留3只感染者常驻深渊周边待命。",
      "建造位置需邻近菌毯肿瘤群，遭遇空袭时可快速潜地转移。",
      "与虫道网络直线距离不超过15单位，保障坑道虫快速投送。",
      "被EMP击中后，立即命令工蜂在周围变异临时脊针爬虫拖延时间。",
      "研究「微生物环绕云」前避免与星灵主力正面交锋。"
    ]
  },
  {
    "名称": "坑道虫",
    "战术手册": [
      "出口生成需0.5秒无敌时间，利用此刻空投爆虫可无视定点防御。",
      "最多同时存在3条活跃坑道，超过则自动摧毁最早生成的出口。",
      "出口被围攻时，可主动卸载单位触发「群体击退」效果。",
      "在菌毯外部署时，提前用王虫铺出3×3菌毯区块保障存活。",
      "配合拟态雏虫实施欺诈战术：假出口诱敌→真出口突袭。"
    ]
  }
]