[
  {
    "名称": "幼虫",
    "战术手册": [
      "异虫核心生产单位，可变异为所有基础战斗单位和工蜂。",
      "优先确保孵化场能量充足，保持3只幼虫待命以应对突发战况。",
      "遭遇突袭时可立即变异为爆虫/跳虫进行紧急防御。",
      "菌毯边缘预留幼虫用于快速扩张或建立前线孵化场。",
      "主巢升级后解锁雷兽等高阶单位变异选项，需提前规划气矿采集。"
    ]
  },
  {
    "名称": "工蜂",
    "战术手册": [
      "采集资源优先级：初始阶段保持16工蜂采晶矿，6工蜂采气矿。",
      "菌毯外建造时需由王虫提供视野，避免暴露在敌方侦察范围内。",
      "潜地状态可躲避收割者/死神突袭，潜地移动时消耗能量降低。",
      "紧急时刻可变异为孢子爬虫/脊针爬虫进行基地防御。",
      "异化虫群升级后，可集群突袭敌方矿区（需至少20只）。"
    ]
  },
  {
    "名称": "王虫",
    "战术手册": [
      "初期生产2-3只用于菌毯扩张和人口支撑，运输型需额外25气矿变异。",
      "菌毯边缘部署王虫，配合虫后肿瘤形成菌毯高速公路。",
      "运输模式可搭载8单位，优先运输爆虫/感染者实施空投战术。",
      "遭遇凤凰/维京时立即变异为眼虫获取反隐能力。",
      "充气甲壳升级后移动速度提升30%，可作为侦查单位绕后。"
    ]
  },
  {
    "名称": "虫后",
    "战术手册": [
      "开局优先孵化幼虫技能，保持经济爆发式增长。",
      "菌毯肿瘤应呈链式延伸，每肿瘤间隔10-12单位距离。",
      "哺液技能可瞬间修复50%建筑生命值，重点保护孵化场/尖塔。",
      "对空脊刺射程7，可风筝凤凰/女妖，但需避免被劫掠者集火。",
      "潜地移动时仍可使用技能，配合坑道网络实施跨地图支援。"
    ]
  },
  {
    "名称": "跳虫",
    "战术手册": [
      "代谢加速升级后移动速度达4.7，可包围拦截恶火/收割者。",
      "分三队包抄：正面佯攻+两侧绕后，针对攻城坦克阵型最有效。",
      "肾上腺体升级后攻击间隔缩短40%，集群时优先攻击医疗运输机。",
      "10%数量变异为爆虫，专门针对陆战队员/追猎者密集阵型。",
      "潜地伏击时保持与菌毯边缘3单位距离，防止被扫描侦测。"
    ]
  },
  {
    "名称": "爆虫",
    "战术手册": [
      "环心镰钩升级后移动速度提升15%，可追上提速冲锋狂热者。",
      "运输王虫空投6只爆虫可瞬间摧毁人族补给站/星灵水晶塔。",
      "对建筑伤害随甲壳升级递增，三级时单只可造成110点建筑伤害。",
      "配合坑道虫突袭，优先攻击聚集的SCV/探机。",
      "自爆前开启「建筑攻击」模式，可对地堡/电池造成双倍伤害。"
    ]
  },
  {
    "名称": "蟑螂",
    "战术手册": [
      "神经胶原重组升级后移动速度达3.75，可风筝不朽者/劫掠者。",
      "酸性唾液射程4，可无伤消耗地堡/光子炮台。",
      "极速再生期间保持潜地状态，每秒恢复40生命值。",
      "变异破坏者时需确保有3只以上蟑螂存活维持战线。",
      "对抗巨像时利用菌毯速度加成进行Z字形走位。"
    ]
  },
  {
    "名称": "刺蛇",
    "战术手册": [
      "深槽脊刺升级后射程达6，可压制攻城坦克/不朽者。",
      "肌腱扩增提升40%攻击速度，集群时优先点杀医疗运输机/先知。",
      "遭遇巨像立即开启狂暴，移动速度提升50%进行贴身输出。",
      "分两队交替后撤射击，应对闪电风暴/EMP最佳方案。",
      "变异潜伏者需在安全菌毯区域进行，潜伏射程9可封锁路口。"
    ]
  },
  {
    "名称": "异龙",
    "战术手册": [
      "刃虫弹射3次，优先攻击密集的凤凰/虚空辉光舰编队。",
      "组织再生技能需保持异龙数量≥6只，每秒恢复2%生命值。",
      "对抗雷神时采用「三进三出」战术：攻击→后撤→等雷神切换武器。",
      "配合腐化者「腐蚀」技能，可秒杀战列巡航舰。",
      "遭遇导弹塔/孢子爬虫时立即分散为三组从不同角度切入。"
    ]
  },
  {
    "名称": "腐化者",
    "战术手册": [
      "腐蚀喷液持续14秒，优先标记雷神/巨像/航母等重型单位。",
      "对巨型单位额外伤害随甲壳升级递增，三级时单次攻击达25点。",
      "变异巢虫领主应在菌毯上空进行，避免被维京集火打断。",
      "集群12只可硬吃风暴战舰齐射，但需避开EMP范围。",
      "利用地形高低差规避攻城坦克火力，保持6以上射程优势。"
    ]
  },
  {
    "名称": "雷兽",
    "战术手册": [
      "合成代谢升级后移动速度达4.3，可追上提速运输机。",
      "冲锋时开启狂暴，对建筑造成双倍践踏伤害（需骨板升级）。",
      "优先攻击人族基地供电系统，单只雷兽可摧毁三个补给站。",
      "对抗不朽者时保持3只以上数量，利用体型卡位限制其输出。",
      "潜地突袭需配合坑道网络，现身瞬间触发范围击飞效果。"
    ]
  },
  {
    "名称": "感染者",
    "战术手册": [
      "微生物环绕云可封锁路口8秒，配合坑道虫实施多重包夹。",
      "神经寄生优先控制雷神/巨像，需确保有4秒安全施法时间。",
      "霉菌滋生减速75%，针对冲锋狂热者/恶火效果最佳。",
      "潜地移动时释放技能不会显形，可实施「幽灵式骚扰」。",
      "保持能量≥100，随时准备对空投部队释放致盲云。"
    ]
  },
  {
    "名称": "巢虫领主",
    "战术手册": [
      "巢虫侵袭射程10，可在孢子爬虫防御范围外拆毁人族行星要塞。",
      "每波巢虫存活30秒，集火时优先攻击护盾生成器/机械台。",
      "配合腐化者「腐蚀」标记，对建筑伤害提升50%。",
      "移动时保持与王虫重叠，利用其体积阻挡渡鸦猎杀飞弹。",
      "遭遇维京集群时立即后撤至孢子爬虫防空网内。"
    ]
  },
  {
    "名称": "眼虫",
    "战术手册": [
      "超距视界可穿透战争迷雾，持续监视敌方分矿/科技建筑。",
      "拟态雏虫应投放在敌方主矿路口，伪装成SCV诱导分兵。",
      "污染技能可封锁星灵机械台/人族重工厂20秒。",
      "移动时保持Z字形路径，规避凤凰引力光束。",
      "每场战斗至少保留1只眼虫，用于反隐和战术欺骗。"
    ]
  }
]