[
  {
    "名称": "幼虫（Larva）",
    "种族": "异虫（Zerg）",
    "生命值": 25,
    "护甲": 10,
    "移动速度": 0.56,
    "属性": ["轻甲", "生物"],
    "生产设施": ["孵化场", "虫穴", "主巢"],
    "生产时间": 15,
    "技能": [
      "变异为工蜂",
      "变异为王虫",
      "变异为跳虫",
      "变异为蟑螂",
      "变异为刺蛇",
      "变异为异龙",
      "变异为腐化者",
      "变异为感染者",
      "变异为虫群宿主",
      "变异为飞蛇",
      "变异为雷兽"
    ]
  },
  {
    "名称": "工蜂（Drone）",
    "种族": "异虫（Zerg）",
    "生命值": 40,
    "护甲": "0/1/2/3",
    "移动速度": 2.8,
    "占用舱载空间": 1,
    "属性": ["轻甲", "生物"],
    "生产设施": "幼虫",
    "成本": {
      "矿": 50
    },
    "占用补给": 1,
    "生产时间": 17,
    "武器": {
      "名称": "利爪",
      "伤害": 5,
      "攻击间隔": 1.5,
      "射程": 0.2,
      "目标": ["地面"]
    },
    "升级项目": ["潜地", "异虫地面单位甲壳"],
    "技能": ["采集", "基础变异", "高级变异", "潜地-出地"]
  },
  {
    "名称": "王虫（Overlord）",
    "种族": "异虫（Zerg）",
    "生命值": 200,
    "护甲": "0/1/2/3",
    "移动速度": {
      "基础": 0.6445,
      "菌毯加成": 1.879
    },
    "属性": ["重甲", "生物"],
    "生产设施": "幼虫",
    "成本": {
      "矿": 100
    },
    "生产时间": 25,
    "升级项目": ["异虫飞行生物甲壳", "充气甲壳"],
    "技能": ["变异为眼虫", "排放菌毯-停止排放菌毯", "变异腹囊"]
  },
  {
    "名称": "王虫(运输)（Overlord）",
    "种族": "异虫（Zerg）",
    "生命值": 200,
    "护甲": "0/1/2/3",
    "移动速度": {
      "基础": 0.914,
      "菌毯加成": 2.1445
    },
    "属性": ["重甲", "生物"],
    "生产设施": "王虫",
    "成本": {
      "矿": 25,
      "气": 25
    },
    "生产时间": 21,
    "升级项目": ["异虫飞行生物甲壳", "充气甲壳"],
    "技能": ["变异为眼虫", "排放菌毯-停止排放菌毯", "装载-全部卸载"]
  },
  {
    "名称": "虫后（Queen）",
    "种族": "异虫（Zerg）",
    "生命值": 175,
    "护甲": "1/2/3/4",
    "移动速度": {
      "基础": 0.9375,
      "菌毯加成": 2.6665
    },
    "占用舱载空间": 2,
    "属性": ["生物", "灵能"],
    "生产设施": ["孵化场", "虫穴", "主巢"],
    "前置设施": "分裂池",
    "成本": {
      "矿": 175
    },
    "占用补给": 2,
    "生产时间": 50,
    "武器": [
      {
        "名称": "利爪",
        "伤害": "4/5/6/7",
        "升级": 1,
        "多重攻击": 2,
        "攻击间隔": 1,
        "射程": "3-5",
        "目标": ["地面"]
      },
      {
        "名称": "强酸脊刺",
        "伤害": "9/10/11/12",
        "升级": 1,
        "攻击间隔": 1,
        "射程": 7,
        "目标": ["空中"]
      }
    ],
    "升级项目": ["潜地", "异虫喷射攻击", "异虫地面单位甲壳"],
    "技能": ["产下菌毯肿瘤", "孵化幼虫", "哺液", "潜地-出地"]
  },
  {
    "名称": "跳虫（Zergling）",
    "种族": "异虫（Zerg）",
    "生命值": 35,
    "护甲": "0/1/2/3",
    "移动速度": {
      "基础": 2.9531,
      "菌毯加成": 4.6997
    },
    "占用舱载空间": 1,
    "属性": ["轻甲", "生物"],
    "生产设施": "幼虫",
    "前置设施": "分裂池",
    "成本": {
      "矿": 25
    },
    "占用补给": 0.5,
    "生产时间": 24,
    "武器": {
      "名称": "爪",
      "伤害": "5/6/7/8",
      "升级": 1,
      "攻击间隔": {
        "基础": 0.696,
        "升级后": 0.497
      },
      "射程": "近战",
      "目标": ["地面"]
    },
    "升级项目": ["潜地", "异虫近战攻击", "异虫地面单位甲壳", "代谢加速", "肾上腺体"],
    "技能": ["变异为爆虫", "潜地-出地"]
  },
  {
    "名称": "爆虫（Baneling）",
    "种族": "异虫（Zerg）",
    "生命值": 30,
    "护甲": "0/1/2/3",
    "移动速度": {
      "基础": 2.5,
      "菌毯加成": 2.9531
    },
    "占用舱载空间": 2,
    "属性": ["生物"],
    "生产设施": "跳虫",
    "前置设施": "爆虫巢穴",
    "成本": {
      "矿": 25,
      "气": 25
    },
    "占用补给": 0.5,
    "生产时间": 20,
    "武器": [
      {
        "名称": "烈性爆弹",
        "伤害": "16/18/20/22 (+19 对轻甲)",
        "升级": 2,
        "射程": "近战",
        "目标": ["地面"]
      },
      {
        "名称": "烈性爆弹(建筑)",
        "伤害": "80/85/90/95",
        "升级": 5,
        "射程": "近战",
        "目标": ["建筑"]
      }
    ],
    "升级项目": ["潜地", "异虫近战攻击", "异虫地面单位甲壳", "环心镰钩"],
    "技能": ["爆炸", "开启/关闭对建筑攻击", "潜地-出地"]
  },
  {
    "名称": "蟑螂（Roach）",
    "种族": "异虫（Zerg）",
    "生命值": 145,
    "护甲": "1/2/3/4",
    "移动速度": {
      "基础": 2.25,
      "菌毯加成": 3
    },
    "占用舱载空间": 2,
    "属性": ["生物", "重甲"],
    "生产设施": "幼虫",
    "前置设施": "蟑螂温室",
    "成本": {
      "矿": 75,
      "气": 75
    },
    "占用补给": 2,
    "生产时间": 27,
    "武器": [
      {
        "名称": "骨针",
        "伤害": "16/18/20/22",
        "升级": 2,
        "攻击间隔": 2,
        "射程": "近战",
        "目标": ["地面"]
      },
      {
        "名称": "酸性唾液",
        "伤害": "16/18/20/22",
        "升级": 2,
        "攻击间隔": 2,
        "射程": 4,
        "目标": ["地面"]
      }
    ],
    "升级项目": ["潜地", "异虫喷射攻击", "异虫地面单位甲壳", "神经胶原重组", "掘地之爪"],
    "技能": ["变异为破坏者", "极速再生", "潜地-出地"]
  },
  {
    "名称": "眼虫（Overseer）",
    "种族": "异虫（Zerg）",
    "生命值": 200,
    "护甲": "1/2/3/4",
    "移动速度": {
      "基础": 1.875,
      "菌毯加成": 3.375
    },
    "属性": ["重甲", "生物"],
    "生产设施": ["王虫", "王虫（运输）"],
    "前置设施": "虫穴",
    "成本": {
      "矿": 50,
      "气": 50
    },
    "生产时间": 17,
    "升级项目": ["异虫飞行生物甲壳", "充气甲壳"],
    "技能": ["超距视界", "孵化拟态雏虫", "污染", "侦测单位"]
  },
  {
    "名称": "刺蛇（Hydralisk）",
    "种族": "异虫（Zerg）",
    "生命值": 90,
    "护甲": "0/1/2/3",
    "移动速度": {
      "基础": 2.25,
      "菌毯加成": 2.95
    },
    "占用舱载空间": 2,
    "属性": ["生物", "轻甲"],
    "生产设施": "幼虫",
    "前置设施": "刺蛇巢",
    "成本": {
      "矿": 100,
      "气": 50
    },
    "占用补给": 2,
    "生产时间": 33,
    "武器": [
      {
        "名称": "近战武器",
        "伤害": "12/13/14/15",
        "升级": 1,
        "攻击间隔": 0.825,
        "射程": "近战",
        "目标": ["地面"]
      },
      {
        "名称": "骨针",
        "伤害": "12/13/14/15",
        "升级": 1,
        "攻击间隔": 0.825,
        "射程": 5,
        "目标": ["地面", "空中"]
      }
    ],
    "升级项目": ["潜地", "异虫喷射攻击", "异虫地面单位甲壳", "深槽脊刺", "肌腱扩增", "狂暴"],
    "技能": ["狂暴", "变异为潜伏者", "潜地-出地"]
  },
  {
    "名称": "异龙（Mutalisk）",
    "种族": "异虫（Zerg）",
    "生命值": 120,
    "护甲": "0/1/2/3",
    "移动速度": 4,
    "属性": ["生物", "轻甲"],
    "生产设施": "幼虫",
    "前置设施": "尖塔",
    "成本": {
      "矿": 100,
      "气": 100
    },
    "占用补给": 2,
    "生产时间": 33,
    "武器": {
      "名称": "刃虫",
      "伤害": "9/10/11/12",
      "升级": 1,
      "攻击间隔": 1.5246,
      "射程": 3,
      "目标": ["地面", "空中"]
    },
    "升级项目": ["异虫飞行生物攻击", "异虫飞行生物甲壳"],
    "技能": ["组织再生"]
  },
  {
    "名称": "腐化者（Corruptor）",
    "种族": "异虫（Zerg）",
    "生命值": 200,
    "护甲": "2/3/4/5",
    "移动速度": 3.36,
    "属性": ["生物", "重甲"],
    "生产设施": "幼虫",
    "前置设施": "尖塔",
    "成本": {
      "矿": 150,
      "气": 100
    },
    "占用补给": 2,
    "生产时间": 40,
    "武器": {
      "名称": "寄生孢子",
      "伤害": "14/15/16/17 (+6/7/8/9 对巨型)",
      "升级": "1 (+1 对巨型)",
      "攻击间隔": 1.9,
      "射程": 6,
      "目标": ["空中"]
    },
    "升级项目": ["异虫飞行生物攻击", "异虫飞行生物甲壳"],
    "技能": ["腐蚀喷液", "变异为巢虫领主"]
  },
  {
    "名称": "感染者（Infestor）",
    "种族": "异虫（Zerg）",
    "生命值": 90,
    "护甲": "0/1/2/3",
    "移动速度": 2.25,
    "占用舱载空间": 2,
    "属性": ["重甲", "生物", "灵能"],
    "生产设施": "幼虫",
    "前置设施": "感染深渊",
    "成本": {
      "矿": 100,
      "气": 150
    },
    "占用补给": 2,
    "生产时间": 50,
    "升级项目": ["潜地", "异虫地面单位甲壳", "神经寄生"],
    "技能": ["潜地移动", "微生物环绕云", "霉菌滋生", "神经寄生", "潜地-出地"]
  },
  {
    "名称": "巢虫领主（Brood Lord）",
    "种族": "异虫（Zerg）",
    "生命值": 225,
    "护甲": "1/2/3/4",
    "移动速度": 1.875,
    "属性": ["生物", "重甲", "巨型"],
    "生产设施": "腐化者",
    "前置设施": "巨型尖塔",
    "成本": {
      "矿": 150,
      "气": 150
    },
    "占用补给": 4,
    "生产时间": 34,
    "武器": {
      "名称": "巢虫侵袭",
      "伤害": "20/22/24/26",
      "升级": 2,
      "攻击间隔": 2.5,
      "射程": 10,
      "目标": ["地面"]
    },
    "升级项目": ["异虫飞行生物攻击", "异虫飞行生物甲壳"],
    "技能": ["虫种"]
  },
  {
    "名称": "雷兽（Ultralisk）",
    "种族": "异虫（Zerg）",
    "生命值": 500,
    "护甲": "2(4)/3(5)/4(6)/5(7)",
    "移动速度": {
      "基础": 2.9531,
      "菌毯加成": 3.374971
    },
    "占用舱载空间": 8,
    "属性": ["重甲", "生物", "巨型"],
    "生产设施": "幼虫",
    "前置设施": "幼虫",
    "成本": {
      "矿": 275,
      "气": 200
    },
    "占用补给": 6,
    "生产时间": 55,
    "武器": {
      "名称": "巨刃",
      "伤害": "35/38/41/44",
      "升级": 3,
      "攻击间隔": 0.86,
      "射程": "近战",
      "目标": ["地面"]
    },
    "升级项目": ["潜地", "异虫近战攻击", "异虫地面单位甲壳", "合成代谢", "骨板"],
    "技能": ["狂暴", "潜地-出地"]
  },
  {
    "名称": "拟态雏虫（Changeling）",
    "种族": "异虫（Zerg）",
    "生命值": 5,
    "护甲": 0,
    "移动速度": 2.25,
    "属性": ["轻甲", "生物"],
    "生产设施": "眼虫",
    "成本": {
      "能量": 50
    },
    "技能": [
      "拟态：首次遭遇敌方单位时拟态为对应单位",
      "存活150秒后自动死亡"
    ]
  },
  {
    "名称": "巢虫（Broodling）",
    "种族": "异虫（Zerg）",
    "生命值": 20,
    "护甲": "0/1/2/3",
    "移动速度": {
      "基础": 2.9531,
      "菌毯加成": 2.9531
    },
    "属性": ["轻甲", "生物"],
    "生产设施": "巢虫领主",
    "武器": {
      "名称": "刺针利爪",
      "伤害": "4/5/6/7",
      "升级": 1,
      "攻击间隔": 0.8,
      "射程": "近战",
      "目标": ["地面"]
    },
    "升级项目": ["异虫近战攻击", "异虫地面单位甲壳"]
  },
  {
    "名称": "虫群宿主（Swarm Host）",
    "种族": "异虫",
    "生命值": 160,
    "护甲": "1/2/3/4",
    "移动速度": {
      "基础": 2.25,
      "菌毯加成": 2.925
    },
    "占用舱载空间": 4,
    "属性": ["重甲", "生物"],
    "生产设施": "幼虫",
    "前置设施": "感染深渊",
    "成本": {
      "矿": 100,
      "气": 75
    },
    "占用补给": 3,
    "生产时间": 40,
    "升级项目": ["潜地", "异虫地面单位甲壳"],
    "技能": ["孵化蝗虫", "潜地-出地"]
  },
  {
    "名称": "蝗虫（Locust）",
    "种族": "异虫",
    "生命值": 50,
    "护甲": "0/1/2/3",
    "移动速度": {
      "基础": 1.875,
      "菌毯加成": 2.625
    },
    "属性": ["生物", "轻甲"],
    "生产设施": "虫群宿主",
    "升级项目": ["异虫地面单位甲壳"],
    "武器": [
      {
        "名称": "剧毒倒刺",
        "伤害": "10/11/12/13",
        "升级": 1,
        "攻击间隔": 0.6,
        "射程": "近战",
        "目标": ["地面"]
      },
      {
        "名称": "酸性喷吐物",
        "伤害": "10/11/12/13",
        "升级": 1,
        "攻击间隔": 0.6,
        "射程": 3,
        "目标": ["地面"]
      }
    ],
    "技能": ["飞扑"]
  },
  {
    "名称": "飞蛇",
    "种族": "异虫",
    "生命值": 150,
    "护甲": "1/2/3/4",
    "移动速度": 3,
    "属性": ["重甲", "生物", "灵能"],
    "生产设施": "幼虫",
    "前置设施": "主巢",
    "成本": {
      "矿": 100,
      "气": 200
    },
    "占用补给": 3,
    "生产时间": 40,
    "升级项目": ["异虫飞行生物甲壳"],
    "技能": ["吞噬", "绑架", "蔽目毒云", "寄生弹"]
  },
  {
    "名称": "破坏者（Ravager）",
    "种族": "异虫",
    "生命值": 120,
    "护甲": "1/2/3/4",
    "移动速度": {
      "基础": 2.75,
      "菌毯加成": 3.575
    },
    "占用舱载空间": 4,
    "属性": ["生物"],
    "生产设施": "蟑螂",
    "前置设施": "蟑螂温室",
    "成本": {
      "矿": 25,
      "气": 75
    },
    "占用补给": 3,
    "生产时间": 17,
    "升级项目": ["潜地", "异虫喷射攻击", "异虫地面单位甲壳"],
    "武器": {
      "名称": "等离子发射",
      "伤害": "16/18/20/22",
      "升级": 2,
      "攻击间隔": 1.6,
      "射程": 6,
      "目标": ["地面"]
    },
    "技能": ["腐蚀胆汁", "潜地-出地"]
  },
  {
    "名称": "潜伏者（Lurker）",
    "种族": "异虫",
    "生命值": 190,
    "护甲": "1/2/3/4",
    "移动速度": {
      "基础": 2.9531,
      "菌毯加成": 3.835
    },
    "占用舱载空间": 4,
    "属性": ["生物", "重甲"],
    "生产设施": "刺蛇",
    "前置设施": "伏者巢穴",
    "成本": {
      "矿": 50,
      "气": 100
    },
    "占用补给": 3,
    "生产时间": 25,
    "升级项目": ["异虫喷射攻击", "异虫地面单位甲壳", "适应之爪", "震地脊刺"],
    "武器": {
      "名称": "脊刺",
      "伤害": "20/22/24/26 (+10/11/12/13 对重甲)",
      "升级": "2 (+1 对重甲)",
      "攻击间隔": 2,
      "射程": "8 (10)",
      "目标": ["地面"]
    },
    "技能": ["停火-取消停火", "潜地-出地"]
  }
]