[
  {
    "名称": "星灵枢纽（Nexus）",
    "种族": "星灵（Protoss）",
    "生命值": 1000,
    "护甲": 1,
    "护盾": 1000,
    "属性": ["重甲", "建筑"],
    "生产设施": "探机",
    "成本": {
      "矿": 400
    },
    "时间": 100,
    "升级项目": ["星灵护盾"],
    "技能": ["折跃探机", "折跃母舰", "时空提速", "战术召回", "能量补充"]
  },
  {
    "名称": "吸纳舱（Assimilator）",
    "种族": "星灵（Protoss）",
    "生命值": 300,
    "护甲": 1,
    "护盾": 300,
    "属性": ["重甲", "建筑"],
    "生产设施": "探机",
    "成本": {
      "矿": 75
    },
    "时间": 30,
    "升级项目": ["星灵护盾"],
    "技能": []
  },
  {
    "名称": "水晶塔（Pylon）",
    "种族": "星灵（Protoss）",
    "生命值": 200,
    "护甲": 1,
    "护盾": 200,
    "属性": ["重甲", "建筑"],
    "生产设施": "探机",
    "成本": {
      "矿": 100
    },
    "时间": 25,
    "升级项目": ["星灵护盾"],
    "技能": ["时空航道"]
  },
  {
    "名称": "传送门（Gateway）",
    "种族": "星灵（Protoss）",
    "生命值": 500,
    "护甲": 1,
    "护盾": 500,
    "属性": ["重甲", "建筑"],
    "生产设施": ["探机", "折跃门"],
    "前置设施": "星灵枢纽",
    "成本": {
      "矿": 150
    },
    "时间": 65,
    "升级项目": ["星灵护盾"],
    "技能": ["折跃狂热者", "折跃机械哨兵", "折跃追猎者", "折跃使徒", "折跃高阶圣堂武士", "折跃黑暗圣堂武士", "变形为折跃门"]
  },
  {
    "名称": "折跃门（Warp Gate）",
    "种族": "星灵（Protoss）",
    "生命值": 500,
    "护甲": 1,
    "护盾": 500,
    "属性": ["重甲", "建筑"],
    "生产设施": "传送门",
    "时间": 10,
    "升级项目": ["星灵护盾"],
    "技能": ["折跃狂热者", "折跃机械哨兵", "折跃追猎者", "折跃使徒", "折跃高阶圣堂武士", "折跃黑暗圣堂武士", "变形为传送门"]
  },
  {
    "名称": "锻炉",
    "种族": "星灵（Protoss）",
    "生命值": 400,
    "护甲": 1,
    "护盾": 400,
    "属性": ["重甲", "建筑"],
    "生产设施": "探机",
    "前置设施": "星灵枢纽",
    "成本": {
      "矿": 150
    },
    "时间": 45,
    "升级项目": ["星灵护盾"],
    "技能": ["升级地面单位武器", "升级地面单位护甲", "升级护盾"]
  },
  {
    "名称": "控制芯核（Cybernetics Core）",
    "种族": "星灵（Protoss）",
    "生命值": 550,
    "护甲": 1,
    "护盾": 550,
    "属性": ["重甲", "建筑"],
    "生产设施": "探机",
    "前置设施": "传送门",
    "成本": {
      "矿": 150
    },
    "时间": 50,
    "升级项目": ["星灵护盾"],
    "技能": ["升级空中单位武器", "升级空中单位护甲", "研究折跃门"]
  },
  {
    "名称": "光子炮台（Photon Cannon）",
    "种族": "星灵（Protoss）",
    "生命值": 150,
    "护甲": 1,
    "护盾": 150,
    "属性": ["重甲", "建筑"],
    "生产设施": "探机",
    "前置设施": "锻炉",
    "成本": {
      "矿": 150
    },
    "时间": 40,
    "升级项目": ["星灵护盾"],
    "武器": {
      "名称": "光子炮台",
      "伤害": 20,
      "攻击间隔": 1.25,
      "射程": 7,
      "目标": ["地面", "空中"]
    },
    "技能": ["侦测单位"]
  },
  {
    "名称": "光影议会（Twilight Council）",
    "种族": "星灵（Protoss）",
    "生命值": 500,
    "护甲": 1,
    "护盾": 500,
    "属性": ["重甲", "建筑"],
    "生产设施": "探机",
    "前置设施": "控制芯核",
    "成本": {
      "矿": 150,
      "晶": 100
    },
    "时间": 50,
    "升级项目": ["星灵护盾"],
    "技能": ["研究冲锋", "研究闪现", "研究共鸣之刃"]
  },
  {
    "名称": "星门（Stargate）",
    "种族": "星灵（Protoss）",
    "生命值": 600,
    "护甲": 1,
    "护盾": 600,
    "属性": ["重甲", "建筑"],
    "生产设施": "探机",
    "前置设施": "控制芯核",
    "成本": {
      "矿": 150,
      "晶": 150
    },
    "时间": 60,
    "升级项目": ["星灵护盾"],
    "技能": ["折跃凤凰", "折跃先知", "折跃虚空辉光舰", "折跃风暴战舰", "折跃航母"]
  },
  {
    "名称": "机械台（Robotics Facility）",
    "种族": "星灵（Protoss）",
    "生命值": 450,
    "护甲": 1,
    "护盾": 450,
    "属性": ["重甲", "建筑"],
    "生产设施": "探机",
    "前置设施": "控制芯核",
    "成本": {
      "矿": 150,
      "晶": 100
    },
    "时间": 65,
    "升级项目": ["星灵护盾"],
    "技能": ["折跃侦测器", "召集折跃棱镜", "折跃不朽者", "折跃巨像", "折跃干扰者"]
  },
  {
    "名称": "圣堂武士文献馆（Templar Archives）",
    "种族": "星灵（Protoss）",
    "生命值": 500,
    "护甲": 1,
    "护盾": 500,
    "属性": ["重甲", "建筑"],
    "生产设施": "探机",
    "前置设施": "光影议会",
    "成本": {
      "矿": 150,
      "晶": 200
    },
    "时间": 50,
    "升级项目": ["星灵护盾"],
    "技能": ["研习灵能风暴"]
  },
  {
    "名称": "舰队航标（Fleet Beacon）",
    "种族": "星灵（Protoss）",
    "生命值": 500,
    "护甲": 1,
    "护盾": 500,
    "属性": ["重甲", "建筑"],
    "生产设施": "探机",
    "前置设施": "星门",
    "成本": {
      "矿": 300,
      "晶": 200
    },
    "时间": 60,
    "升级项目": ["星灵护盾"],
    "技能": ["研究阴离子脉冲水晶", "研发熔流旋叶", "研究构造失稳器"]
  },
  {
    "名称": "机械研究所（Robotics Bay）",
    "种族": "星灵（Protoss）",
    "生命值": 500,
    "护甲": 1,
    "护盾": 500,
    "属性": ["重甲", "建筑"],
    "生产设施": "探机",
    "前置设施": "机械台",
    "成本": {
      "矿": 150,
      "晶": 150
    },
    "时间": 65,
    "升级项目": ["星灵护盾"],
    "技能": ["研发重力加速器", "研发重力驱动器", "研发加长热能射线枪"]
  },
  {
    "名称": "黑暗圣坛（Dark Shrine）",
    "种族": "星灵（Protoss）",
    "生命值": 500,
    "护甲": 1,
    "护盾": 500,
    "属性": ["重甲", "建筑"],
    "生产设施": "探机",
    "前置设施": "光影议会",
    "成本": {
      "矿": 150,
      "晶": 150
    },
    "时间": 100,
    "升级项目": ["星灵护盾"],
    "技能": ["研究暗影步"]
  }
]