[
  {
    "名称": "探机（Probe）",
    "种族": "星灵（Protoss）",
    "生命值": 20,
    "护甲": "0/1/2/3",
    "护盾": 20,
    "移动速度": 2.8,
    "占用舱载空间": 1,
    "属性": ["轻甲", "机械"],
    "生产设施": "星灵枢纽",
    "成本": {
      "矿": 50
    },
    "占用补给": 1,
    "生产时间": 17,
    "定位": "资源采集者、工人",
    "升级": ["星灵地面单位护甲", "星灵护盾"],
    "武器": {
      "名称": "粒子光束",
      "伤害": 5,
      "攻击间隔": 1.5,
      "射程": 0.2,
      "目标": ["地面"]
    },
    "技能": ["采集", "折跃建筑", "折跃高级建筑"]
  },
  {
    "名称": "狂热者（Zealot）",
    "种族": "星灵（Protoss）",
    "生命值": 100,
    "护甲": "1/2/3/4",
    "护盾": 50,
    "移动速度": {
      "基础": 2.25,
      "升级": 3.375
    },
    "占用舱载空间": 2,
    "属性": ["轻甲", "生物"],
    "生产设施": ["传送门", "折跃门"],
    "成本": {
      "矿": 100
    },
    "占用补给": 2,
    "生产时间": {
      "基础": 38,
      "升级": 28
    },
    "定位": "星灵地面单位，强大的近战战士",
    "升级": ["星灵地面单位武器", "星灵地面单位护甲", "星灵护盾", "冲锋"],
    "武器": {
      "名称": "灵能利刃",
      "伤害": "8/9/10/11",
      "升级": 1,
      "多重攻击": 2,
      "攻击间隔": 1.2,
      "射程": "近战",
      "目标": ["地面"]
    },
    "技能": ["冲锋"]
  },
  {
    "名称": "追猎者（Stalker）",
    "种族": "星灵（Protoss）",
    "生命值": 80,
    "护甲": "1/2/3/4",
    "护盾": 80,
    "移动速度": 2.95,
    "占用舱载空间": 2,
    "属性": ["重甲", "机械"],
    "生产设施": ["传送门", "折跃门"],
    "前置设施": "控制芯核",
    "成本": {
      "矿": 125,
      "气": 50
    },
    "占用补给": 2,
    "生产时间": {
      "基础": 38,
      "升级": 32
    },
    "定位": "星灵地面单位，远程支援型步战单位",
    "升级": ["星灵地面单位武器", "星灵地面单位护甲", "星灵护盾", "闪现"],
    "武器": {
      "名称": "粒子碎裂炮",
      "伤害": "13/14/15/16 (+5/6/7/8 对重甲)",
      "升级": 1,
      "攻击间隔": 1.87,
      "射程": 6,
      "目标": ["地面", "空中"]
    },
    "技能": ["闪现"]
  },
  {
    "名称": "机械哨兵（Sentry）",
    "种族": "星灵（Protoss）",
    "生命值": 40,
    "能量": 200,
    "护甲": "1/2/3/4",
    "护盾": 40,
    "移动速度": 2.5,
    "占用舱载空间": 2,
    "属性": ["机械单位", "灵能单位"],
    "生产设施": ["传送门", "折跃门"],
    "前置设施": "控制芯核",
    "成本": {
      "矿": 50,
      "气": 100
    },
    "占用补给": 2,
    "生产时间": 32,
    "定位": "星灵地面单位，能量操控单位",
    "升级": ["星灵地面单位武器", "星灵地面单位护甲", "星灵护盾"],
    "武器": {
      "名称": "瓦解射线",
      "伤害": "6/7/8/9 (+4 对护盾)",
      "升级": 1,
      "攻击间隔": 1,
      "射程": 5,
      "目标": ["地面", "空中"]
    },
    "技能": ["力场", "守护者之盾", "幻像"]
  },
  {
    "名称": "高阶圣堂武士（High Templar）",
    "种族": "星灵（Protoss）",
    "生命值": 40,
    "能量": 200,
    "护甲": "0/1/2/3",
    "护盾": 40,
    "移动速度": 2,
    "占用舱载空间": 2,
    "属性": ["轻甲", "生物单位", "灵能单位"],
    "生产设施": ["传送门", "折跃门"],
    "前置设施": "圣堂武士文献馆",
    "成本": {
      "矿": 50,
      "气": 150
    },
    "占用补给": 2,
    "生产时间": {
      "基础": 55,
      "升级": 45
    },
    "定位": "高阶圣堂武士是星灵大军中战斗经验最为丰富的战士",
    "升级": ["星灵地面单位武器", "星灵地面单位护甲", "星灵护盾", "灵能风暴"],
    "武器": {
      "名称": "灵能波",
      "伤害": "4/5/6/7",
      "升级": 1,
      "攻击间隔": 1.754,
      "射程": 6,
      "目标": ["地面"]
    },
    "技能": ["能量反蚀", "灵能风暴", "执政官融合"]
  },
  {
    "名称": "黑暗圣堂武士（Dark Templar）",
    "种族": "星灵（Protoss）",
    "生命值": 40,
    "护甲": "1/2/3/4",
    "护盾": 80,
    "移动速度": 2.8,
    "占用舱载空间": 2,
    "属性": ["轻甲", "生物单位", "灵能单位"],
    "生产设施": ["传送门", "折跃门"],
    "前置设施": "黑暗圣堂",
    "成本": {
      "矿": 125,
      "气": 125
    },
    "占用补给": 2,
    "生产时间": {
      "基础": 55,
      "升级": 45
    },
    "定位": "他们摒弃了卡拉的光明力量，转而研习如何驾驭虚空赋予他们的黑暗能量，进而获得了自由进出隐形状态的能力",
    "升级": ["星灵地面单位武器", "星灵地面单位护甲", "星灵护盾", "暗影步"],
    "武器": {
      "名称": "曲光战刃",
      "伤害": "45/50/55/60",
      "升级": 5,
      "攻击间隔": 1.694,
      "射程": "近战",
      "目标": ["地面"]
    },
    "技能": ["永久隐形", "暗影步", "执政官融合"]
  },
  {
    "名称": "执政官（Archon）",
    "种族": "星灵（Protoss）",
    "生命值": 10,
    "护甲": 0,
    "护盾": 350,
    "移动速度": 2.8,
    "占用舱载空间": 4,
    "属性": ["灵能", "巨型"],
    "生产设施": ["高阶圣堂武士", "黑暗圣堂武士"],
    "占用补给": 4,
    "生产时间": 12,
    "定位": "星灵地面单位武器、星灵地面单位护甲、星灵护盾",
    "武器": {
      "名称": "灵能冲击波",
      "伤害": "25/28/31/34 (+10/11/12/13 对生物)",
      "升级": 3,
      "攻击间隔": 1.754,
      "射程": 3,
      "目标": ["地面", "空中"]
    },
    "技能": []
  },
  {
    "名称": "侦测器（Observer）",
    "种族": "星灵（Protoss）",
    "生命值": 40,
    "护甲": "0/1/2/3",
    "护盾": 30,
    "移动速度": 2,
    "占用舱载空间": "",
    "属性": ["轻甲", "机械"],
    "生产设施": "机械台",
    "成本": {
      "矿": 25,
      "气": 75
    },
    "占用补给": 1,
    "生产时间": 25,
    "定位": "星灵空中单位，间谍型空中单位。拥有永久隐形的能力",
    "升级": ["星灵空中单位护甲", "星灵护盾", "重力加速器"],
    "武器": {
      "名称": "侦测单位",
      "伤害": "",
      "攻击间隔": "",
      "射程": "",
      "目标": []
    },
    "技能": ["监察模式-侦测器模式", "永久隐形", "侦测单位"]
  },
  {
    "名称": "不朽者（Immortal）",
    "种族": "星灵（Protoss）",
    "生命值": 200,
    "护甲": "1/2/3/4",
    "护盾": 100,
    "移动速度": 2.25,
    "占用舱载空间": 4,
    "属性": ["重甲", "机械单位"],
    "生产设施": "机械台",
    "成本": {
      "矿": 250,
      "气": 100
    },
    "占用补给": 4,
    "生产时间": 55,
    "定位": "星灵地面单位，攻击型步战机甲。可以使用屏障吸收伤害",
    "升级": ["星灵地面单位武器", "星灵地面单位护甲", "星灵护盾"],
    "武器": {
      "名称": "相位碎裂炮",
      "伤害": "20/22/24/26 (+30/33/36/39 对重甲)",
      "升级": 2,
      "攻击间隔": 1.6,
      "射程": 6,
      "目标": ["地面"]
    },
    "技能": ["屏障"]
  },
  {
    "名称": "折跃棱镜（Warp Prism）",
    "种族": "星灵（Protoss）",
    "生命值": 80,
    "护甲": "0/1/2/3",
    "护盾": 100,
    "移动速度": 2.953,
    "占用舱载空间": "",
    "属性": ["重甲", "机械单位", "灵能单位"],
    "生产设施": ["机械台", "折跃棱镜(相位模式)"],
    "成本": {
      "矿": 250
    },
    "占用补给": 2,
    "生产时间": {
      "基础": 50,
      "升级": 1.5
    },
    "定位": "空中运输单位。可以装载或卸载单位。部署后将生成一个能量场",
    "升级": ["星灵空中单位护甲", "星灵护盾", "重力驱动器"],
    "武器": {
      "名称": "",
      "伤害": "",
      "攻击间隔": "",
      "射程": "",
      "目标": []
    },
    "技能": ["相位模式", "装载-全部卸载"]
  },
  {
    "名称": "巨像（Colossus）",
    "种族": "星灵（Protoss）",
    "生命值": 250,
    "护甲": "1/2/3/4",
    "护盾": 100,
    "移动速度": 2.25,
    "占用舱载空间": 8,
    "属性": ["重甲", "机械单位", "巨型单位"],
    "生产设施": "机械台",
    "前置设施": "机械研究所",
    "成本": {
      "矿": 300,
      "气": 200
    },
    "占用补给": 6,
    "生产时间": 75,
    "定位": "星灵地面单位，步战机器人，装备强大的范围攻击武器。能够攀越悬崖",
    "升级": ["星灵地面单位武器", "星灵地面单位护甲", "星灵护盾", "加长热能射线枪"],
    "武器": {
      "名称": "热能射线枪",
      "伤害": "10/11/12/13 (+5/6/7/8 对轻甲)",
      "升级": 1,
      "多重攻击": 2,
      "攻击间隔": 1.5,
      "射程": "7 (9)",
      "目标": ["地面"]
    },
    "技能": ["悬崖攀越"]
  },
  {
    "名称": "凤凰（Phoenix）",
    "种族": "星灵（Protoss）",
    "生命值": 120,
    "能量": 200,
    "护甲": "0/1/2/3",
    "护盾": 60,
    "移动速度": 4.25,
    "占用舱载空间": "",
    "属性": ["轻甲", "机械单位"],
    "生产设施": "星门",
    "成本": {
      "矿": 150,
      "气": 100
    },
    "占用补给": 2,
    "生产时间": 35,
    "定位": "星灵空中单位，空中优势战机。能使用引力光束技能",
    "升级": ["星灵空中单位武器", "星灵空中单位护甲", "星灵护盾", "阴离子脉冲水晶"],
    "武器": {
      "名称": "离子炮",
      "伤害": "5/6/7/8 (+5 对轻甲)",
      "升级": 1,
      "多重攻击": 2,
      "攻击间隔": 1.1,
      "射程": "5 (7)",
      "目标": ["空中"],
      "特性": "移动攻击"
    },
    "技能": ["引力光束"]
  },
  {
    "名称": "虚空辉光舰（Void Ray）",
    "种族": "星灵（Protoss）",
    "生命值": 150,
    "护甲": "0/1/2/3",
    "护盾": 100,
    "移动速度": 2.75,
    "占用舱载空间": "",
    "属性": ["重甲", "机械单位"],
    "生产设施": "星门",
    "成本": {
      "矿": 250,
      "气": 150
    },
    "占用补给": 4,
    "生产时间": 60,
    "定位": "星灵空中单位，精确打击舰船。持续攻击可增加射程并提高对重甲单位的伤害",
    "升级": ["星灵空中单位武器", "星灵空中单位护甲", "星灵护盾", "熔流旋叶"],
    "武器": {
      "名称": "棱镜光束",
      "伤害": "6/7/8/9 (+4/10 对重甲)",
      "升级": 1,
      "攻击间隔": 0.5,
      "射程": 6,
      "目标": ["地面", "空中"]
    },
    "技能": ["校准棱镜"]
  },
  {
    "名称": "航母（Carrier）",
    "种族": "星灵（Protoss）",
    "生命值": 300,
    "护甲": "2/3/4/5",
    "护盾": 150,
    "移动速度": 1.9,
    "占用舱载空间": "",
    "属性": ["重甲", "机械", "巨型"],
    "生产设施": "星门",
    "前置设施": "航队舰标",
    "成本": {
      "矿": 350,
      "气": 250
    },
    "占用补给": 6,
    "生产时间": 90,
    "定位": "星灵空中单位，主力战舰。能够建造和发射拦截机攻击敌人",
    "升级": ["星灵空中单位护甲", "星灵护盾"],
    "武器": {
      "名称": "",
      "伤害": "",
      "攻击间隔": "",
      "射程": "",
      "目标": []
    },
    "技能": ["制造拦截机"]
  },
  {
    "名称": "母舰（Mothership）",
    "种族": "星灵（Protoss）",
    "生命值": 350,
    "护甲": "2/3/4/5",
    "护盾": 350,
    "移动速度": 2,
    "占用舱载空间": "",
    "属性": ["重甲", "机械单位", "灵能", "巨型", "英雄"],
    "生产设施": "星灵枢纽",
    "成本": {
      "矿": 400,
      "气": 400
    },
    "占用补给": 8,
    "生产时间": 125,
    "定位": "能够使用战术召回和时间扭曲技能。使附近的友方单位和建筑隐形",
    "升级": ["星灵空中单位武器", "星灵空中单位护甲", "星灵护盾"],
    "武器": {
      "名称": "净化光束",
      "伤害": "6/7/8/9",
      "升级": 1,
      "多重攻击": 4,
      "攻击间隔": 2.21,
      "射程": 7,
      "目标": ["地面", "空中"],
      "特性": "移动攻击"
    },
    "技能": ["群体召回", "时间扭曲", "隐形力场"]
  },
  {
    "名称": "拦截机（Interceptor）",
    "种族": "星灵（Protoss）",
    "生命值": 40,
    "护甲": "0/1/2/3",
    "护盾": 40,
    "移动速度": 7.5,
    "占用舱载空间": "",
    "属性": ["轻甲", "机械单位"],
    "生产设施": "航母",
    "成本": {
      "矿": 15
    },
    "生产时间": 12,
    "定位": "能够自动攻击航母目标的战斗飞行机。拦截机是航母唯一的武器",
    "升级": ["星灵空中单位武器", "星灵空中单位护甲", "星灵护盾"],
    "武器": {
      "名称": "拦截机射线",
      "伤害": "5/6/7/8",
      "升级": 1,
      "多重攻击": 2,
      "攻击间隔": 3,
      "射程": 2,
      "目标": ["地面", "空中"]
    },
    "技能": []
  },
  {
    "名称": "探机",
    "种族": "星灵（Protoss）",
    "生命值": 20,
    "护甲": "0/1/2/3",
    "护盾": 20,
    "移动速度": 2.8,
    "占用舱载空间": 1,
    "属性": ["轻甲", "机械"],
    "生产设施": "星灵枢纽",
    "成本": {
      "矿": 50
    },
    "占用补给": 1,
    "生产时间": 17,
    "定位": "资源采集者、工人",
    "升级": ["星灵地面单位护甲", "星灵护盾"],
    "武器": {
      "名称": "粒子光束",
      "伤害": 5,
      "攻击间隔": 1.5,
      "射程": 0.2,
      "目标": ["地面"]
    },
    "技能": ["采集", "折跃建筑", "折跃高级建筑"]
  },
  {
    "名称": "狂热者",
    "种族": "星灵（Protoss）",
    "生命值": 100,
    "护甲": "1/2/3/4",
    "护盾": 50,
    "移动速度": {
      "基础": 2.25,
      "升级": 3.375
    },
    "占用舱载空间": 2,
    "属性": ["轻甲", "生物"],
    "生产设施": ["传送门", "折跃门"],
    "成本": {
      "矿": 100
    },
    "占用补给": 2,
    "生产时间": {
      "基础": 38,
      "升级": 28
    },
    "定位": "星灵地面单位，强大的近战战士",
    "升级": ["星灵地面单位武器", "星灵地面单位护甲", "星灵护盾", "冲锋"],
    "武器": {
      "名称": "灵能利刃",
      "伤害": "8/9/10/11",
      "升级": 1,
      "多重攻击": 2,
      "攻击间隔": 1.2,
      "射程": "近战",
      "目标": ["地面"]
    },
    "技能": ["冲锋"]
  },
  {
    "名称": "追猎者",
    "种族": "星灵（Protoss）",
    "生命值": 80,
    "护甲": "1/2/3/4",
    "护盾": 80,
    "移动速度": 2.95,
    "占用舱载空间": 2,
    "属性": ["重甲", "机械"],
    "生产设施": ["传送门", "折跃门"],
    "前置设施": "控制芯核",
    "成本": {
      "矿": 125,
      "气": 50
    },
    "占用补给": 2,
    "生产时间": {
      "基础": 38,
      "升级": 32
    },
    "定位": "星灵地面单位，远程支援型步战单位",
    "升级": ["星灵地面单位武器", "星灵地面单位护甲", "星灵护盾", "闪现"],
    "武器": {
      "名称": "粒子碎裂炮",
      "伤害": "13/14/15/16 (+5/6/7/8 对重甲)",
      "升级": 1,
      "攻击间隔": 1.87,
      "射程": 6,
      "目标": ["地面", "空中"]
    },
    "技能": ["闪现"]
  },
  {
    "名称": "机械哨兵",
    "种族": "星灵（Protoss）",
    "生命值": 40,
    "能量": 200,
    "护甲": "1/2/3/4",
    "护盾": 40,
    "移动速度": 2.5,
    "占用舱载空间": 2,
    "属性": ["机械单位", "灵能单位"],
    "生产设施": ["传送门", "折跃门"],
    "前置设施": "控制芯核",
    "成本": {
      "矿": 50,
      "气": 100
    },
    "占用补给": 2,
    "生产时间": 32,
    "定位": "星灵地面单位，能量操控单位",
    "升级": ["星灵地面单位武器", "星灵地面单位护甲", "星灵护盾"],
    "武器": {
      "名称": "瓦解射线",
      "伤害": "6/7/8/9 (+4 对护盾)",
      "升级": 1,
      "攻击间隔": 1,
      "射程": 5,
      "目标": ["地面", "空中"]
    },
    "技能": ["力场", "守护者之盾", "幻像"]
  },
  {
    "名称": "高阶圣堂武士",
    "种族": "星灵（Protoss）",
    "生命值": 40,
    "能量": 200,
    "护甲": "0/1/2/3",
    "护盾": 40,
    "移动速度": 2,
    "占用舱载空间": 2,
    "属性": ["轻甲", "生物单位", "灵能单位"],
    "生产设施": ["传送门", "折跃门"],
    "前置设施": "圣堂武士文献馆",
    "成本": {
      "矿": 50,
      "气": 150
    },
    "占用补给": 2,
    "生产时间": {
      "基础": 55,
      "升级": 45
    },
    "定位": "高阶圣堂武士是星灵大军中战斗经验最为丰富的战士",
    "升级": ["星灵地面单位武器", "星灵地面单位护甲", "星灵护盾", "灵能风暴"],
    "武器": {
      "名称": "灵能波",
      "伤害": "4/5/6/7",
      "升级": 1,
      "攻击间隔": 1.754,
      "射程": 6,
      "目标": ["地面"]
    },
    "技能": ["能量反蚀", "灵能风暴", "执政官融合"]
  },
  {
    "名称": "黑暗圣堂武士",
    "种族": "星灵（Protoss）",
    "生命值": 40,
    "护甲": "1/2/3/4",
    "护盾": 80,
    "移动速度": 2.8,
    "占用舱载空间": 2,
    "属性": ["轻甲", "生物单位", "灵能单位"],
    "生产设施": ["传送门", "折跃门"],
    "前置设施": "黑暗圣堂",
    "成本": {
      "矿": 125,
      "气": 125
    },
    "占用补给": 2,
    "生产时间": {
      "基础": 55,
      "升级": 45
    },
    "定位": "他们摒弃了卡拉的光明力量，转而研习如何驾驭虚空赋予他们的黑暗能量，进而获得了自由进出隐形状态的能力",
    "升级": ["星灵地面单位武器", "星灵地面单位护甲", "星灵护盾", "暗影步"],
    "武器": {
      "名称": "曲光战刃",
      "伤害": "45/50/55/60",
      "升级": 5,
      "攻击间隔": 1.694,
      "射程": "近战",
      "目标": ["地面"]
    },
    "技能": ["永久隐形", "暗影步", "执政官融合"]
  },
  {
    "名称": "执政官",
    "种族": "星灵（Protoss）",
    "生命值": 10,
    "护甲": 0,
    "护盾": 350,
    "移动速度": 2.8,
    "占用舱载空间": 4,
    "属性": ["灵能", "巨型"],
    "生产设施": ["高阶圣堂武士", "黑暗圣堂武士"],
    "占用补给": 4,
    "生产时间": 12,
    "定位": "星灵地面单位武器、星灵地面单位护甲、星灵护盾",
    "升级": ["星灵地面单位武器", "星灵地面单位护甲", "星灵护盾"],
    "武器": {
      "名称": "灵能冲击波",
      "伤害": "25/28/31/34 (+10/11/12/13 对生物)",
      "升级": 3,
      "攻击间隔": 1.754,
      "射程": 3,
      "目标": ["地面", "空中"]
    },
    "技能": []
  },
  {
    "名称": "侦测器",
    "种族": "星灵（Protoss）",
    "生命值": 40,
    "护甲": "0/1/2/3",
    "护盾": 30,
    "移动速度": 2,
    "占用舱载空间": "",
    "属性": ["轻甲", "机械"],
    "生产设施": "机械台",
    "成本": {
      "矿": 25,
      "气": 75
    },
    "占用补给": 1,
    "生产时间": 25,
    "定位": "星灵空中单位，间谍型空中单位。拥有永久隐形的能力",
    "升级": ["星灵空中单位护甲", "星灵护盾", "重力加速器"],
    "武器": {
      "名称": "侦测单位",
      "伤害": "",
      "攻击间隔": "",
      "射程": "",
      "目标": []
    },
    "技能": ["监察模式-侦测器模式", "永久隐形", "侦测单位"]
  },
  {
    "名称": "不朽者",
    "种族": "星灵（Protoss）",
    "生命值": 200,
    "护甲": "1/2/3/4",
    "护盾": 100,
    "移动速度": 2.25,
    "占用舱载空间": 4,
    "属性": ["重甲", "机械单位"],
    "生产设施": "机械台",
    "成本": {
      "矿": 250,
      "气": 100
    },
    "占用补给": 4,
    "生产时间": 55,
    "定位": "星灵地面单位，攻击型步战机甲。可以使用屏障吸收伤害",
    "升级": ["星灵地面单位武器", "星灵地面单位护甲", "星灵护盾"],
    "武器": {
      "名称": "相位碎裂炮",
      "伤害": "20/22/24/26 (+30/33/36/39 对重甲)",
      "升级": 2,
      "攻击间隔": 1.6,
      "射程": 6,
      "目标": ["地面"]
    },
    "技能": ["屏障"]
  },
  {
    "名称": "折跃棱镜",
    "种族": "星灵（Protoss）",
    "生命值": 80,
    "护甲": "0/1/2/3",
    "护盾": 100,
    "移动速度": 2.953,
    "占用舱载空间": "",
    "属性": ["重甲", "机械单位", "灵能单位"],
    "生产设施": ["机械台", "折跃棱镜(相位模式)"],
    "成本": {
      "矿": 250
    },
    "占用补给": 2,
    "生产时间": {
      "基础": 50,
      "升级": 1.5
    },
    "定位": "空中运输单位。可以装载或卸载单位。部署后将生成一个能量场",
    "升级": ["星灵空中单位护甲", "星灵护盾", "重力驱动器"],
    "武器": {
      "名称": "",
      "伤害": "",
      "攻击间隔": "",
      "射程": "",
      "目标": []
    },
    "技能": ["相位模式", "装载-全部卸载"]
  },
  {
    "名称": "巨像",
    "种族": "星灵（Protoss）",
    "生命值": 250,
    "护甲": "1/2/3/4",
    "护盾": 100,
    "移动速度": 2.25,
    "占用舱载空间": 8,
    "属性": ["重甲", "机械单位", "巨型单位"],
    "生产设施": "机械台",
    "前置设施": "机械研究所",
    "成本": {
      "矿": 300,
      "气": 200
    },
    "占用补给": 6,
    "生产时间": 75,
    "定位": "星灵地面单位，步战机器人，装备强大的范围攻击武器。能够攀越悬崖",
    "升级": ["星灵地面单位武器", "星灵地面单位护甲", "星灵护盾", "加长热能射线枪"],
    "武器": {
      "名称": "热能射线枪",
      "伤害": "10/11/12/13 (+5/6/7/8 对轻甲)",
      "升级": 1,
      "多重攻击": 2,
      "攻击间隔": 1.5,
      "射程": "7 (9)",
      "目标": ["地面"]
    },
    "技能": ["悬崖攀越"]
  },
  {
    "名称": "凤凰",
    "种族": "星灵（Protoss）",
    "生命值": 120,
    "能量": 200,
    "护甲": "0/1/2/3",
    "护盾": 60,
    "移动速度": 4.25,
    "占用舱载空间": "",
    "属性": ["轻甲", "机械单位"],
    "生产设施": "星门",
    "成本": {
      "矿": 150,
      "气": 100
    },
    "占用补给": 2,
    "生产时间": 35,
    "定位": "星灵空中单位，空中优势战机。能使用引力光束技能",
    "升级": ["星灵空中单位武器", "星灵空中单位护甲", "星灵护盾", "阴离子脉冲水晶"],
    "武器": {
      "名称": "离子炮",
      "伤害": "5/6/7/8 (+5 对轻甲)",
      "升级": 1,
      "多重攻击": 2,
      "攻击间隔": 1.1,
      "射程": "5 (7)",
      "目标": ["空中"],
      "特性": "移动攻击"
    },
    "技能": ["引力光束"]
  },
  {
    "名称": "虚空辉光舰",
    "种族": "星灵（Protoss）",
    "生命值": 150,
    "护甲": "0/1/2/3",
    "护盾": 100,
    "移动速度": 2.75,
    "占用舱载空间": "",
    "属性": ["重甲", "机械单位"],
    "生产设施": "星门",
    "成本": {
      "矿": 250,
      "气": 150
    },
    "占用补给": 4,
    "生产时间": 60,
    "定位": "星灵空中单位，精确打击舰船。持续攻击可增加射程并提高对重甲单位的伤害",
    "升级": ["星灵空中单位武器", "星灵空中单位护甲", "星灵护盾", "熔流旋叶"],
    "武器": {
      "名称": "棱镜光束",
      "伤害": "6/7/8/9 (+4/10 对重甲)",
      "升级": 1,
      "攻击间隔": 0.5,
      "射程": 6,
      "目标": ["地面", "空中"]
    },
    "技能": ["校准棱镜"]
  },
  {
    "名称": "航母",
    "种族": "星灵（Protoss）",
    "生命值": 300,
    "护甲": "2/3/4/5",
    "护盾": 150,
    "移动速度": 1.9,
    "占用舱载空间": "",
    "属性": ["重甲", "机械", "巨型"],
    "生产设施": "星门",
    "前置设施": "航队舰标",
    "成本": {
      "矿": 350,
      "气": 250
    },
    "占用补给": 6,
    "生产时间": 90,
    "定位": "星灵空中单位，主力战舰。能够建造和发射拦截机攻击敌人",
    "升级": ["星灵空中单位护甲", "星灵护盾"],
    "武器": {
      "名称": "",
      "伤害": "",
      "攻击间隔": "",
      "射程": "",
      "目标": []
    },
    "技能": ["制造拦截机"]
  },
  {
    "名称": "母舰",
    "种族": "星灵（Protoss）",
    "生命值": 350,
    "护甲": "2/3/4/5",
    "护盾": 350,
    "移动速度": 2,
    "占用舱载空间": "",
    "属性": ["重甲", "机械单位", "灵能", "巨型", "英雄"],
    "生产设施": "星灵枢纽",
    "成本": {
      "矿": 400,
      "气": 400
    },
    "占用补给": 8,
    "生产时间": 125,
    "定位": "能够使用战术召回和时间扭曲技能。使附近的友方单位和建筑隐形",
    "升级": ["星灵空中单位武器", "星灵空中单位护甲", "星灵护盾"],
    "武器": {
      "名称": "净化光束",
      "伤害": "6/7/8/9",
      "升级": 1,
      "多重攻击": 4,
      "攻击间隔": 2.21,
      "射程": 7,
      "目标": ["地面", "空中"],
      "特性": "移动攻击"
    },
    "技能": ["群体召回", "时间扭曲", "隐形力场"]
  },
  {
    "名称": "拦截机",
    "种族": "星灵（Protoss）",
    "生命值": 40,
    "护甲": "0/1/2/3",
    "护盾": 40,
    "移动速度": 7.5,
    "占用舱载空间": "",
    "属性": ["轻甲", "机械单位"],
    "生产设施": "航母",
    "成本": {
      "矿": 15
    },
    "生产时间": 12,
    "定位": "能够自动攻击航母目标的战斗飞行机。拦截机是航母唯一的武器",
    "升级": ["星灵空中单位武器", "星灵空中单位护甲", "星灵护盾"],
    "武器": {
      "名称": "拦截机射线",
      "伤害": "5/6/7/8",
      "升级": 1,
      "多重攻击": 2,
      "攻击间隔": 3,
      "射程": 2,
      "目标": ["地面", "空中"]
    },
    "技能": []
  },
  {
    "名称": "使徒（Adept）",
    "种族": "星灵（Protoss）",
    "生命值": 70,
    "护甲": "1/2/3/4",
    "护盾": 70,
    "移动速度": 2.5,
    "占用舱载空间": 2,
    "属性": ["轻甲", "生物"],
    "生产设施": ["传送门", "折跃门"],
    "前置设施": "控制芯核",
    "成本": {
      "矿": 100,
      "晶": 25
    },
    "占用补给": 2,
    "生产时间": "42/28",
    "升级项目": ["星灵地面单位武器", "星灵地面单位护甲", "星灵护盾", "共鸣之刃"],
    "武器": {
      "名称": "刃炮",
      "伤害": "10/11/12/13 (+12/13/14/15 对轻甲)",
      "升级": "1 (+1 对轻甲)",
      "攻击间隔": "2.25 (1.55)",
      "射程": 4,
      "目标": ["地面"]
    },
    "技能": ["灵能传送", "共鸣之刃"]
  },
  {
    "名称": "干扰者（Disruptor）",
    "种族": "星灵（Protoss）",
    "生命值": 100,
    "护甲": "1/2/3/4",
    "护盾": 100,
    "移动速度": 2.25,
    "占用舱载空间": 4,
    "属性": ["重甲", "机械单位"],
    "生产设施": "机械台",
    "前置设施": "机械研究所",
    "成本": {
      "矿": 150,
      "晶": 150
    },
    "占用补给": 4,
    "生产时间": 50,
    "升级项目": ["星灵地面单位护甲", "星灵护盾"],
    "技能": ["净化新星"]
  },
  {
    "名称": "先知（Oracle）",
    "种族": "星灵（Protoss）",
    "生命值": 100,
    "能量": 200,
    "护甲": "0/1/2/3",
    "护盾": 60,
    "移动速度": 4,
    "属性": ["重甲", "机械", "灵能"],
    "生产设施": "星门",
    "成本": {
      "矿": 150,
      "晶": 150
    },
    "占用补给": 3,
    "生产时间": 52,
    "升级项目": ["星灵空中单位护甲", "星灵护盾"],
    "武器": {
      "名称": "脉冲光线",
      "伤害": "15 (+7 对轻甲)",
      "攻击间隔": 0.86,
      "射程": 4,
      "目标": ["地面"]
    },
    "技能": ["天启", "静滞结界", "脉冲光线"]
  },
  {
    "名称": "风暴战舰（Tempest）",
    "种族": "星灵（Protoss）",
    "生命值": 200,
    "护甲": "2/3/4/5",
    "护盾": 100,
    "移动速度": 2.25,
    "属性": ["重甲", "机械单位", "巨型单位"],
    "生产设施": "星门",
    "前置设施": "航队航标",
    "成本": {
      "矿": 250,
      "晶": 175
    },
    "占用补给": 4,
    "生产时间": 60,
    "定位": "攻城战舰",
    "升级项目": ["星灵空中单位武器", "星灵空中单位护甲", "星灵护盾", "构造失稳器"],
    "武器": [
      {
        "名称": "动能过载",
        "伤害": "30/33/36/39 (+22/24/26/28 对巨型)(+40 对建筑)",
        "升级": "3 (+2 对巨型)",
        "攻击间隔": 3.3,
        "射程": 13,
        "目标": ["空中"]
      },
      {
        "名称": "谐振盘",
        "伤害": "40/44/48/52 (+40 对建筑)",
        "升级": 4,
        "攻击间隔": 3.3,
        "射程": 10,
        "目标": ["地面"]
      }
    ],
    "技能": ["构造失稳器"]
  }
]