[
  {
    "名称": "探机（Probe）",
    "战术手册": [
      "用于建造建筑和采集资源的轻型单位。只能攻击地面目标。",
      "在敌人的炮火面前显得十分脆弱，且通常会被当作首要打击目标，因此保护它们就成为一项必要任务。",
      "如果没有其它选择，可以靠大批探机击退敌人的早期突袭。",
      "探机生成建筑的方式是召唤而非建造，所以只要你有足够的资源，便可由一个探机召唤尽可能多的建筑。",
      "通过星灵枢纽的时空提速技能在游戏初始阶段或任何需要生成更多探机的情况下提高生产力。"
    ]
  },
  {
    "名称": "狂热者（Zealot）",
    "战术手册": [
      "可攻击地面目标的轻型步兵单位。",
      "这是星灵所能建造的首个军事单位，你所需要的只一个传送门。",
      "坚韧且有着很强的攻击力，但相比其它1级单位——如陆战队员，则显得成本高昂。",
      "强大的战士，其弱点在于抵达目标所需消耗的时间。在风筝战术面前也显得相当被动。",
      "研发冲锋，可使你方狂热者立即贴近敌人。",
      "可通过折跃门迅速折跃到战场上。",
      "机械哨兵的守护者之盾，可提高其在远程攻势下的生存能力。"
    ]
  },
  {
    "名称": "追猎者（Stalker）",
    "战术手册": [
      "可攻击空中和地面目标的装甲单位。",
      "在对抗装甲单位时非常有效。",
      "一旦取得闪现技能，即可获得极强的移动力，能够越过悬崖和其它地形障碍。",
      "可通过折跃门折跃到战场上。"
    ]
  },
  {
    "名称": "高阶圣堂武士",
    "战术手册": [
      "轻甲灵能单位，能够释放强大的法术。",
      "能够使用能量反蚀技能消耗敌人的能量，并同时造成伤害。",
      "习得心灵风暴技能后，能够瞬间消灭大量生命值较低的单位。",
      "可以和另一面高阶圣堂武士或者黑暗圣堂武士融合成为一名执政官，成为可以对空和对地的强大灵能战士。",
      "适合用于为整个部队提供支援。",
      "如果能够将高阶圣堂武士投放在敌方的生产线附近并施放心灵风暴，则可以重创敌方的经济命脉。",
      "可以通过折跃门在战场进行快速部署。"
    ]
  },
  {
    "名称": "黑暗圣堂武士",
    "战术手册": [
      "擅长秘密潜入的轻甲近战单位，可以对地永久隐身技能使黑暗圣堂武土永远处于隐形状态。",
      "适合摧毁敌方建筑或在敌人没有侦测隐形能力的情况下奇袭对方基地。",
      "习得心灵风暴技能后，能够瞬间消灭大量生命值较低的单位。",
      "可以和另一名黑暗圣堂武士或者高阶圣堂武士融合成为一名执政官，成为可以对空和对地的强大灵能战士。",
      "擅长消灭生命值总量较少的单位，自身较为脆弱；尽可能远离敌人的火力。",
      "如果能够将高阶圣堂武士投放在敌方的生产线附近并施放心灵风暴，则可以重创敌方的经济命脉。",
      "可以通过折跃门在战场进行快速部署。"
    ]
  },
  {
    "名称": "侦测器（Observer）",
    "战术手册": [
      "轻型侦测单位。",
      "永久隐形。",
      "非常脆弱。小心可以侦测它们的防空单位。",
      "极有价值的侦察兵。用它来探索地图或追踪敌军行动。",
      "虽然是隐形的，但专注的对手仍可能会注意到侦测器闪闪发亮的轮廓。尽量不要在紧密关注的区域移动侦测器，比如不要大范围穿越敌军基地。"
    ]
  },
  {
    "名称": "不朽者（Immortal）",
    "战术手册": [
      "这些拥有厚重护甲及护盾的战士能够承受敌方远程炮火的攻击，为己方部队提供至关重要的支援，但小型单位的高速攻击却使不朽者难以抵御。"
    ]
  },
  {
    "名称": "折跃棱镜（Warp Prism）",
    "战术手册": [
      "可于战场各处运送兵力的装甲运输舰。",
      "可切换至相位模式并部署一个类似水晶塔的能量力场，向星灵建筑供能。还可通过该能量力场进行单位折跃和建筑建造。",
      "在运载和相位模式下，均可载入或放下单位。",
      "将己方大军放下，切换至相位模式并通过折跃门折跃援军，以有效急袭敌方基地。"
    ]
  },
  {
    "名称": "折跃棱镜(相位模式)",
    "战术手册": [
      "定点能量供给单位。可以装载或卸载单位。可变形为移动式运输单位。"
    ]
  },
  {
    "名称": "巨像（Colossus）",
    "战术手册": [
      "巨型重甲单位，可以对地。",
      "拥有超远的射程。",
      "善于消灭大量步兵单位。",
      "同收割者类似，巨像能够攀越悬崖，在不同地形间穿行。",
      "由于体型过高，巨像会受到对空建筑及单位的攻击。"
    ]
  },
  {
    "名称": "凤凰（Phoenix）",
    "战术手册": [
      "可攻击空军单位的轻型飞行器。",
      "速度非常快，适合用于侦察和追击移动缓慢且无法做出有效反击的空军单位，如王虫或女妖。",
      "在对抗轻型目标时能对其造成更高伤害，如异龙。",
      "可用引力光束升起不甚庞大的敌方单位。可通过这一特性迫使危险目标离开战局，或在拥有大量凤凰的情况下将其摧毁。",
      "凤凰可在移动时开火，在具有战略机动性的作战环境中享有微弱优势。",
      "阴离子脉冲水晶提高凤凰的射程。"
    ]
  },
  {
    "名称": "虚空辉光舰（Void Ray）",
    "战术手册": [
      "可攻击空中和地面目标的装甲战舰。",
      "尤其擅于打击装甲单位。",
      "在大批敌人面前十分脆弱。",
      "虚空辉光舰一旦对敌方大本营偷袭成功，结果将是毁灭性的。",
      "对付重甲单位时，使用校准棱柱技能可造成额外伤害。"
    ]
  },
  {
    "名称": "航母（Carrier）",
    "战术手册": [
      "可以攻击地面和空中单位的重甲战舰。",
      "远距离释放小型拦截机。航母自带四架拦截机并可以额外再建造四个。",
      "可有效突破重兵防守的敌军岛屿，或者吸引敌军对空单位的火力。如果对方没有直接瞄准航母，拦截机可以作为一道防守屏障。",
      "移动缓慢；利用地形，别和敌军在开阔地形交战。用其他单位（如凤凰）来护航是个好主意。"
    ]
  },
  {
    "名称": "拦截机（Interceptor）",
    "战术手册": [
      "能够自动攻击航母目标的战斗飞行机。拦截机是航母唯一的武器。"
    ]
  }
]