[
  {
    "名称": "星灵枢纽",
    "战术手册": [
      "基础建筑，用于接收采集到的资源。可以使用时空提速、群体召回技能。开启：探机、母舰"
    ]
  },
  {
    "名称": "吸纳舱",
    "战术手册": [
      "建造在瓦斯气泉上，用于采集高能瓦斯。"
    ]
  },
  {
    "名称": "水晶塔",
    "战术手册": [
      "提供补给。拥有补给是生产更多单位的前提，为附近的建筑提供能量",
      "折跃门中的单位可以折跃到水晶塔提供的灵能矩阵上。将水晶塔折跃在交战位置附近，从而方便的将兵力折跃到前线，是一个常用的手段"
    ]
  },
  {
    "名称": "传送门",
    "战术手册": [
      "使星灵可以利用折跃技术召集地面单位"
    ]
  },
  {
    "名称": "锻炉",
    "战术手册": [
      "为星灵地面单位提供武器和护甲升级方案，并为所有星灵单位和建筑提供护盾升级方案。开启：使探机可以折跃光子炮台"
    ]
  },
  {
    "名称": "控制芯核",
    "战术手册": [
      "为星灵空中单位提供武器和护甲升级方案，并提供折跃门升级方案。开启：可以在传送门中折跃机械哨兵、追猎者、使徒，使探机可以折跃护盾充能器"
    ]
  },
  {
    "名称": "光子炮台",
    "战术手册": [
      "主力防御建筑，可以对地和对空。",
      "侦测单位"
    ]
  },
  {
    "名称": "光影议会",
    "战术手册": [
      "为狂热者、追猎者以及使徒提供升级方案"
    ]
  },
  {
    "名称": "星门",
    "战术手册": [
      "折跃星灵空中单位。",
      "开启：凤凰、虚空辉光舰、先知"
    ]
  },
  {
    "名称": "机械台",
    "战术手册": [
      "使星灵可以利用折跃技术召集机械单位。",
      "开启：侦测器、折跃棱镜、不朽者"
    ]
  },
  {
    "名称": "圣堂武士文献馆",
    "战术手册": [
      "为高阶圣堂武士提供升级方案。",
      "开启：可以在传送门中折跃高阶圣堂武士",
      "高阶圣堂武士可以融合为执政官"
    ]
  },
  {
    "名称": "舰队航标",
    "战术手册": [
      "为凤凰和虚空辉光舰提供升级方案。",
      "开启：可以从星门折跃风暴战舰、航母；可以从星灵枢纽折跃母舰"
    ]
  },
  {
    "名称": "机械研究所",
    "战术手册": [
      "为侦测器、折跃棱镜和巨像提供升级方案。",
      "开启：可以在机械台中折跃巨像、干扰者"
    ]
  },
  {
    "名称": "黑暗圣坛",
    "战术手册": [
      "为黑暗圣堂武士提供升级方案。",
      "开启：可以在传送门中折跃黑暗圣堂武士，黑暗圣堂武士可以融合为执政官"
    ]
  }
]