{
  "胜利条件": {
    "1": "摧毁敌方所有建筑",
    "核心建筑": "必须摧毁敌方的主基地（如人族的指挥中心、虫族的主巢、神族的星核），否则即使其他建筑被毁，敌方仍可重建。",
    "2": "建筑依赖链：部分单位或科技需特定建筑支持（如人族重工厂需兵营），摧毁关键建筑可瘫痪敌方科技树，间接达成胜利1",
    "战术压制导致的隐性胜利": {
      "经济封锁": "通过持续骚扰（如神族光炮Rush、虫族速狗战术）摧毁敌方矿区，使其资源枯竭，无法维持兵力生产15",
      "关键单位歼灭": "消灭敌方核心单位（如神族母舰、人族大和舰），削弱其后期作战能力，迫使其放弃抵抗810"
    }
  },
  "失败条件": {
    "1": "己方所有建筑被摧毁",
    "主基地优先": "主基地被毁后，即使其他建筑存活，也无法生产工人单位，最终导致资源停滞与战败",
    "防御建筑失效": "若仅剩防御建筑（如光子炮塔、地堡），无法重建经济与兵力，仍会失败",
    "隐性失败场景": {
      "人口压制": "敌方通过200人口满编部队压制，己方无法突破防线，最终资源耗尽18",
      "地图控制权丧失": "失去分矿区与视野（如中央监视塔被占），导致资源与战略主动权彻底丧失"
    }
  },
  "资源获取方式": {
    "晶体矿（矿物）": [
      "由工人单位（SCV/探机/工蜂）采集，每个矿脉最多容纳2名工人同时高效采集",
      "初始主矿通常包含8个矿簇，每个矿簇提供1500晶体矿69"
    ],
    "高能瓦斯（气矿）": [
      "需建造提炼厂（人族）、瓦斯萃取器（虫族）或瓦斯精炼厂（神族）后采集，每个气矿提供4个采集位，初始储量2500单位"
    ],
    "资源管理": "资源用于建造建筑、生产单位及升级科技，合理分配矿与气的比例是战术核心"
  },
  "基础游戏规则": {
    "人口限制": [
      "初始人口上限为15，需通过建造补给站（人族）、水晶塔（神族）或王虫（虫族）提升，最高可达200人口"
    ],
    "建筑依赖与科技树": [
      "部分单位或建筑需前置建筑解锁（如人族重工厂需兵营，神族巨像需机械台）45"
    ],
    "地图机制": [
      "地图设计影响战术选择，例如分矿位置、进攻路径及高地视野等27",
      "部分地图包含可破坏岩石或特殊地形（如“熔渣之坑”的低洼分矿区）2"
    ],
    "时间与节奏": "游戏分为前期（经济运营）、中期（科技升级）和后期（大规模决战），快攻、骚扰或龟缩战术均需根据时间点调整"
  },
  "关键战术与策略": {
    "人族1/1/1战术": "依次建造兵营、重工厂、机场，通过渡鸦反隐和坦克推进压制对手",
    "神族光炮Rush": "利用探测机在敌方基地内架设光子加农炮，通过建筑偷袭扰乱经济",
    "虫族速狗战术": "早期爆跳虫压制敌方分矿或干扰资源采集"
  },
  "其他规则": {
    "单位控制与微操": "包括编队、集火、走位等操作技巧，直接影响战损比",
    "视野与侦察": "通过反隐单位（如人族渡鸦、星灵观察者）或侦察兵获取敌方动向"
  }
}